	Trial	RiskType	RewardType	ResponseType	Reward	Shock	SubjID
0	1	1	2	1.0	0.53	0	1
1	2	2	1	1.0	0.13	0	1
2	3	2	3	1.0	0.91	1	1
3	4	3	1	0.0	0.15	1	1
4	5	1	2	1.0	0.61	0	1
5	6	3	1	1.0	0.31	1	1
6	7	3	3	1.0	0.79	1	1
7	8	1	1	0.0	0.1	0	1
8	9	3	2	1.0	0.58	1	1
9	10	3	2	1.0	0.36	1	1
10	11	1	3	1.0	0.82	0	1
11	12	3	1	0.0	0.22	1	1
12	13	3	3	1.0	0.87	0	1
13	14	1	2	1.0	0.45	0	1
14	15	2	3	1.0	0.7	0	1
15	16	1	1	1.0	0.27	0	1
16	17	2	2	1.0	0.4	0	1
17	18	1	1	1.0	0.18	0	1
18	19	1	3	1.0	0.74	0	1
19	20	3	2	0.0	0.52	1	1
20	21	1	1	1.0	0.34	0	1
21	22	3	3	1.0	0.7	1	1
22	23	2	2	1.0	0.65	0	1
23	24	2	2	1.0	0.49	1	1
24	25	2	2	1.0	0.57	0	1
25	26	2	1	1.0	0.22	1	1
26	27	1	2	1.0	0.4	1	1
27	28	2	1	1.0	0.27	1	1
28	29	1	3	1.0	0.88	0	1
29	30	3	1	1.0	0.09	1	1
30	31	3	2	1.0	0.44	1	1
31	32	3	3	1.0	0.95	1	1
32	33	2	3	1.0	0.75	1	1
33	34	2	1	0.0	0.06	1	1
34	35	2	3	1.0	0.83	0	1
35	36	1	3	0.0	0.66	0	1
36	37	3	3	0.0	0.84	1	1
37	38	1	3	1.0	0.93	0	1
38	39	3	1	0.0	0.2	1	1
39	40	3	2	1.0	0.41	1	1
40	41	1	2	1.0	0.59	0	1
41	42	1	3	1.0	0.85	0	1
42	43	3	3	1.0	0.92	1	1
43	44	2	3	1.0	0.8	0	1
44	45	1	2	1.0	0.37	0	1
45	46	1	3	1.0	0.8	1	1
46	47	2	2	1.0	0.62	0	1
47	48	2	1	0.0	0.11	1	1
48	49	3	2	1.0	0.5	1	1
49	50	3	2	1.0	0.63	1	1
50	51	2	3	0.0	0.89	0	1
51	52	1	3	1.0	0.71	0	1
52	53	2	1	0.0	0.19	1	1
53	54	2	2	1.0	0.46	0	1
54	55	3	1	0.0	0.07	0	1
56	57	2	3	1.0	0.67	1	1
57	58	2	1	1.0	0.25	0	1
58	59	3	1	0.0	0.28	1	1
59	60	1	1	1.0	0.32	0	1
60	61	3	3	1.0	0.68	1	1
61	62	1	1	1.0	0.07	0	1
62	63	2	2	1.0	0.54	1	1
63	64	2	3	1.0	0.75	1	1
65	66	1	2	1.0	0.5	0	1
66	67	3	1	0.0	0.14	1	1
68	69	1	2	1.0	0.45	0	1
69	70	2	2	1.0	0.38	1	1
70	71	3	3	1.0	0.76	1	1
71	72	1	1	1.0	0.16	0	1
73	74	2	1	1.0	0.24	1	1
75	76	1	2	1.0	0.56	0	1
76	77	3	3	1.0	0.81	1	1
77	78	2	3	1.0	0.94	0	1
79	80	3	1	0.0	0.33	1	1
80	81	1	2	1.0	0.42	0	1
81	82	1	3	1.0	0.69	0	1
82	83	2	3	1.0	0.72	0	1
83	84	1	1	0.0	0.12	0	1
84	85	3	2	1.0	0.55	1	1
86	87	3	2	1.0	0.47	1	1
87	88	3	1	0.0	0.12	1	1
88	89	2	1	1.0	0.17	1	1
89	90	1	2	1.0	0.64	0	1
90	91	1	1	0.0	0.05	0	1
93	94	1	3	1.0	0.77	1	1
94	95	3	1	0.0	0.17	1	1
95	96	2	3	1.0	0.78	1	1
96	97	2	2	1.0	0.43	1	1
98	99	3	3	0.0	0.73	0	1
99	100	2	1	0.0	0.3	0	1
100	101	1	3	1.0	0.9	0	1
101	102	3	1	1.0	0.26	1	1
102	103	1	2	1.0	0.48	0	1
103	104	2	1	1.0	0.08	0	1
104	105	3	3	1.0	0.9	1	1
106	107	2	2	1.0	0.35	0	1
0	1	1	2	1	0.53	0	2
1	2	2	1	0	0.13	0	2
2	3	2	3	1	0.91	1	2
3	4	3	1	0	0.15	1	2
4	5	1	2	1	0.61	0	2
5	6	3	1	1	0.31	1	2
6	7	3	3	1	0.79	1	2
7	8	1	1	0	0.1	0	2
8	9	3	2	1	0.58	1	2
9	10	3	2	1	0.36	1	2
10	11	1	3	1	0.82	0	2
11	12	3	1	1	0.22	1	2
12	13	3	3	1	0.87	0	2
13	14	1	2	1	0.45	0	2
14	15	2	3	1	0.7	0	2
15	16	1	1	1	0.27	0	2
16	17	2	2	1	0.4	0	2
17	18	1	1	1	0.18	0	2
18	19	1	3	1	0.74	0	2
19	20	3	2	1	0.52	1	2
20	21	1	1	1	0.34	0	2
21	22	3	3	1	0.7	1	2
22	23	2	2	1	0.65	0	2
23	24	2	2	1	0.49	1	2
24	25	2	2	1	0.57	0	2
25	26	2	1	1	0.22	1	2
26	27	1	2	1	0.4	1	2
27	28	2	1	1	0.27	1	2
28	29	1	3	1	0.88	0	2
29	30	3	1	0	0.09	1	2
30	31	3	2	1	0.44	1	2
31	32	3	3	1	0.95	1	2
32	33	2	3	1	0.75	1	2
33	34	2	1	0	0.06	1	2
34	35	2	3	1	0.83	0	2
35	36	1	3	1	0.66	0	2
36	37	3	3	1	0.84	1	2
37	38	1	3	1	0.93	0	2
38	39	3	1	1	0.2	1	2
39	40	3	2	1	0.41	1	2
40	41	1	2	1	0.59	0	2
41	42	1	3	1	0.85	0	2
42	43	3	3	1	0.92	1	2
43	44	2	3	1	0.8	0	2
44	45	1	2	1	0.37	0	2
45	46	1	3	1	0.8	1	2
46	47	2	2	1	0.62	0	2
47	48	2	1	0	0.11	1	2
48	49	3	2	1	0.5	1	2
49	50	3	2	1	0.63	1	2
50	51	2	3	1	0.89	0	2
51	52	1	3	1	0.71	0	2
52	53	2	1	1	0.19	1	2
53	54	2	2	1	0.46	0	2
54	55	3	1	0	0.07	0	2
55	56	3	2	1	0.55	1	2
56	57	2	3	1	0.67	1	2
57	58	2	1	1	0.25	0	2
58	59	3	1	1	0.28	1	2
59	60	1	1	1	0.32	0	2
60	61	3	3	1	0.68	1	2
61	62	1	1	0	0.07	0	2
62	63	2	2	1	0.54	1	2
63	64	2	3	1	0.75	1	2
64	65	1	1	1	0.23	0	2
65	66	1	2	1	0.5	0	2
66	67	3	1	0	0.14	1	2
67	68	2	1	1	0.32	0	2
68	69	1	2	1	0.45	0	2
69	70	2	2	1	0.38	1	2
70	71	3	3	1	0.76	1	2
71	72	1	1	1	0.16	0	2
72	73	3	2	1	0.39	1	2
73	74	2	1	1	0.24	1	2
74	75	2	3	1	0.86	0	2
75	76	1	2	1	0.56	0	2
76	77	3	3	1	0.81	1	2
77	78	2	3	1	0.94	0	2
78	79	2	2	1	0.51	1	2
79	80	3	1	1	0.33	1	2
80	81	1	2	1	0.42	0	2
81	82	1	3	1	0.69	0	2
82	83	2	3	1	0.72	0	2
83	84	1	1	0	0.12	0	2
84	85	3	2	1	0.55	1	2
85	86	1	1	1	0.21	0	2
86	87	3	2	1	0.47	1	2
87	88	3	1	0	0.12	1	2
88	89	2	1	1	0.17	1	2
89	90	1	2	1	0.64	0	2
90	91	1	1	0	0.05	0	2
91	92	1	3	1	0.85	0	2
92	93	1	1	1	0.29	0	2
93	94	1	3	1	0.77	1	2
94	95	3	1	1	0.17	1	2
95	96	2	3	1	0.78	1	2
96	97	2	2	1	0.43	1	2
97	98	3	3	1	0.65	1	2
98	99	3	3	1	0.73	0	2
99	100	2	1	1	0.3	0	2
100	101	1	3	1	0.9	0	2
101	102	3	1	1	0.26	1	2
102	103	1	2	1	0.48	0	2
103	104	2	1	0	0.08	0	2
104	105	3	3	1	0.9	1	2
105	106	2	2	1	0.6	1	2
106	107	2	2	1	0.35	0	2
107	108	3	2	1	0.6	1	2
0	1	1	2	1	0.53	0	3
1	2	2	1	1	0.13	0	3
2	3	2	3	1	0.91	1	3
3	4	3	1	1	0.15	1	3
4	5	1	2	1	0.61	0	3
5	6	3	1	1	0.31	1	3
6	7	3	3	1	0.79	1	3
7	8	1	1	1	0.1	0	3
8	9	3	2	1	0.58	1	3
9	10	3	2	1	0.36	1	3
10	11	1	3	1	0.82	0	3
11	12	3	1	1	0.22	1	3
12	13	3	3	1	0.87	0	3
13	14	1	2	1	0.45	0	3
14	15	2	3	1	0.7	0	3
15	16	1	1	1	0.27	0	3
16	17	2	2	1	0.4	0	3
17	18	1	1	1	0.18	0	3
18	19	1	3	1	0.74	0	3
19	20	3	2	1	0.52	1	3
20	21	1	1	1	0.34	0	3
21	22	3	3	1	0.7	1	3
22	23	2	2	1	0.65	0	3
23	24	2	2	1	0.49	1	3
24	25	2	2	1	0.57	0	3
25	26	2	1	1	0.22	1	3
26	27	1	2	1	0.4	1	3
27	28	2	1	1	0.27	1	3
28	29	1	3	1	0.88	0	3
29	30	3	1	1	0.09	1	3
30	31	3	2	1	0.44	1	3
31	32	3	3	1	0.95	1	3
32	33	2	3	1	0.75	1	3
33	34	2	1	1	0.06	1	3
34	35	2	3	1	0.83	0	3
35	36	1	3	1	0.66	0	3
36	37	3	3	1	0.84	1	3
37	38	1	3	1	0.93	0	3
38	39	3	1	1	0.2	1	3
39	40	3	2	1	0.41	1	3
40	41	1	2	1	0.59	0	3
41	42	1	3	1	0.85	0	3
42	43	3	3	1	0.92	1	3
43	44	2	3	1	0.8	0	3
44	45	1	2	1	0.37	0	3
45	46	1	3	1	0.8	1	3
46	47	2	2	1	0.62	0	3
47	48	2	1	1	0.11	1	3
48	49	3	2	1	0.5	1	3
49	50	3	2	1	0.63	1	3
50	51	2	3	1	0.89	0	3
51	52	1	3	1	0.71	0	3
52	53	2	1	1	0.19	1	3
53	54	2	2	1	0.46	0	3
54	55	3	1	1	0.07	0	3
55	56	3	2	1	0.55	1	3
56	57	2	3	1	0.67	1	3
57	58	2	1	1	0.25	0	3
58	59	3	1	1	0.28	1	3
59	60	1	1	1	0.32	0	3
60	61	3	3	1	0.68	1	3
61	62	1	1	1	0.07	0	3
62	63	2	2	1	0.54	1	3
63	64	2	3	1	0.75	1	3
64	65	1	1	1	0.23	0	3
65	66	1	2	1	0.5	0	3
66	67	3	1	1	0.14	1	3
67	68	2	1	1	0.32	0	3
68	69	1	2	1	0.45	0	3
69	70	2	2	1	0.38	1	3
70	71	3	3	1	0.76	1	3
71	72	1	1	1	0.16	0	3
72	73	3	2	1	0.39	1	3
73	74	2	1	1	0.24	1	3
74	75	2	3	1	0.86	0	3
75	76	1	2	1	0.56	0	3
76	77	3	3	1	0.81	1	3
77	78	2	3	1	0.94	0	3
78	79	2	2	1	0.51	1	3
79	80	3	1	1	0.33	1	3
80	81	1	2	1	0.42	0	3
81	82	1	3	1	0.69	0	3
82	83	2	3	1	0.72	0	3
83	84	1	1	1	0.12	0	3
84	85	3	2	1	0.55	1	3
85	86	1	1	1	0.21	0	3
86	87	3	2	1	0.47	1	3
87	88	3	1	1	0.12	1	3
88	89	2	1	1	0.17	1	3
89	90	1	2	1	0.64	0	3
90	91	1	1	1	0.05	0	3
91	92	1	3	1	0.85	0	3
92	93	1	1	1	0.29	0	3
93	94	1	3	1	0.77	1	3
94	95	3	1	1	0.17	1	3
95	96	2	3	1	0.78	1	3
96	97	2	2	1	0.43	1	3
97	98	3	3	1	0.65	1	3
98	99	3	3	1	0.73	0	3
99	100	2	1	1	0.3	0	3
100	101	1	3	1	0.9	0	3
101	102	3	1	1	0.26	1	3
102	103	1	2	1	0.48	0	3
103	104	2	1	1	0.08	0	3
104	105	3	3	1	0.9	1	3
105	106	2	2	1	0.6	1	3
106	107	2	2	1	0.35	0	3
107	108	3	2	1	0.6	1	3
0	1	1	2	1.0	0.53	0	4
1	2	2	1	0.0	0.13	0	4
2	3	2	3	1.0	0.91	1	4
3	4	3	1	0.0	0.15	1	4
4	5	1	2	1.0	0.61	0	4
5	6	3	1	0.0	0.31	1	4
6	7	3	3	0.0	0.79	1	4
7	8	1	1	1.0	0.1	0	4
8	9	3	2	1.0	0.58	1	4
9	10	3	2	0.0	0.36	1	4
10	11	1	3	1.0	0.82	0	4
11	12	3	1	0.0	0.22	1	4
12	13	3	3	1.0	0.87	0	4
13	14	1	2	1.0	0.45	0	4
14	15	2	3	1.0	0.7	0	4
15	16	1	1	1.0	0.27	0	4
16	17	2	2	1.0	0.4	0	4
17	18	1	1	1.0	0.18	0	4
18	19	1	3	1.0	0.74	0	4
19	20	3	2	1.0	0.52	1	4
20	21	1	1	1.0	0.34	0	4
21	22	3	3	1.0	0.7	1	4
22	23	2	2	1.0	0.65	0	4
23	24	2	2	1.0	0.49	1	4
24	25	2	2	1.0	0.57	0	4
25	26	2	1	1.0	0.22	1	4
26	27	1	2	1.0	0.4	1	4
27	28	2	1	1.0	0.27	1	4
28	29	1	3	1.0	0.88	0	4
29	30	3	1	0.0	0.09	1	4
30	31	3	2	1.0	0.44	1	4
31	32	3	3	1.0	0.95	1	4
32	33	2	3	1.0	0.75	1	4
33	34	2	1	0.0	0.06	1	4
34	35	2	3	1.0	0.83	0	4
35	36	1	3	1.0	0.66	0	4
36	37	3	3	1.0	0.84	1	4
37	38	1	3	1.0	0.93	0	4
38	39	3	1	0.0	0.2	1	4
39	40	3	2	0.0	0.41	1	4
40	41	1	2	1.0	0.59	0	4
41	42	1	3	1.0	0.85	0	4
42	43	3	3	1.0	0.92	1	4
43	44	2	3	1.0	0.8	0	4
44	45	1	2	1.0	0.37	0	4
45	46	1	3	1.0	0.8	1	4
46	47	2	2	1.0	0.62	0	4
47	48	2	1	0.0	0.11	1	4
48	49	3	2	0.0	0.5	1	4
49	50	3	2	1.0	0.63	1	4
50	51	2	3	1.0	0.89	0	4
51	52	1	3	1.0	0.71	0	4
52	53	2	1	1.0	0.19	1	4
53	54	2	2	1.0	0.46	0	4
54	55	3	1	0.0	0.07	0	4
56	57	2	3	1.0	0.67	1	4
57	58	2	1	1.0	0.25	0	4
58	59	3	1	0.0	0.28	1	4
59	60	1	1	1.0	0.32	0	4
60	61	3	3	0.0	0.68	1	4
61	62	1	1	1.0	0.07	0	4
62	63	2	2	1.0	0.54	1	4
63	64	2	3	1.0	0.75	1	4
64	65	1	1	1.0	0.23	0	4
65	66	1	2	1.0	0.5	0	4
66	67	3	1	0.0	0.14	1	4
67	68	2	1	1.0	0.32	0	4
68	69	1	2	1.0	0.45	0	4
69	70	2	2	1.0	0.38	1	4
70	71	3	3	1.0	0.76	1	4
71	72	1	1	1.0	0.16	0	4
72	73	3	2	1.0	0.39	1	4
73	74	2	1	1.0	0.24	1	4
74	75	2	3	1.0	0.86	0	4
75	76	1	2	1.0	0.56	0	4
76	77	3	3	1.0	0.81	1	4
77	78	2	3	1.0	0.94	0	4
78	79	2	2	1.0	0.51	1	4
79	80	3	1	0.0	0.33	1	4
80	81	1	2	1.0	0.42	0	4
81	82	1	3	1.0	0.69	0	4
82	83	2	3	1.0	0.72	0	4
83	84	1	1	1.0	0.12	0	4
84	85	3	2	0.0	0.55	1	4
85	86	1	1	1.0	0.21	0	4
86	87	3	2	0.0	0.47	1	4
88	89	2	1	0.0	0.17	1	4
89	90	1	2	1.0	0.64	0	4
90	91	1	1	1.0	0.05	0	4
91	92	1	3	1.0	0.85	0	4
92	93	1	1	1.0	0.29	0	4
93	94	1	3	1.0	0.77	1	4
94	95	3	1	0.0	0.17	1	4
95	96	2	3	1.0	0.78	1	4
96	97	2	2	1.0	0.43	1	4
97	98	3	3	0.0	0.65	1	4
98	99	3	3	1.0	0.73	0	4
99	100	2	1	0.0	0.3	0	4
100	101	1	3	1.0	0.9	0	4
101	102	3	1	0.0	0.26	1	4
102	103	1	2	1.0	0.48	0	4
103	104	2	1	0.0	0.08	0	4
104	105	3	3	1.0	0.9	1	4
105	106	2	2	1.0	0.6	1	4
106	107	2	2	1.0	0.35	0	4
107	108	3	2	0.0	0.6	1	4
0	1	1	2	1	0.53	0	5
1	2	2	1	1	0.13	0	5
2	3	2	3	1	0.91	1	5
3	4	3	1	0	0.15	1	5
4	5	1	2	1	0.61	0	5
5	6	3	1	0	0.31	1	5
6	7	3	3	1	0.79	1	5
7	8	1	1	1	0.1	0	5
8	9	3	2	1	0.58	1	5
9	10	3	2	0	0.36	1	5
10	11	1	3	1	0.82	0	5
11	12	3	1	0	0.22	1	5
12	13	3	3	1	0.87	0	5
13	14	1	2	1	0.45	0	5
14	15	2	3	1	0.7	0	5
15	16	1	1	1	0.27	0	5
16	17	2	2	1	0.4	0	5
17	18	1	1	1	0.18	0	5
18	19	1	3	1	0.74	0	5
19	20	3	2	1	0.52	1	5
20	21	1	1	1	0.34	0	5
21	22	3	3	1	0.7	1	5
22	23	2	2	1	0.65	0	5
23	24	2	2	1	0.49	1	5
24	25	2	2	1	0.57	0	5
25	26	2	1	1	0.22	1	5
26	27	1	2	1	0.4	1	5
27	28	2	1	1	0.27	1	5
28	29	1	3	1	0.88	0	5
29	30	3	1	0	0.09	1	5
30	31	3	2	0	0.44	1	5
31	32	3	3	1	0.95	1	5
32	33	2	3	1	0.75	1	5
33	34	2	1	0	0.06	1	5
34	35	2	3	1	0.83	0	5
35	36	1	3	1	0.66	0	5
36	37	3	3	1	0.84	1	5
37	38	1	3	1	0.93	0	5
38	39	3	1	0	0.2	1	5
39	40	3	2	0	0.41	1	5
40	41	1	2	1	0.59	0	5
41	42	1	3	1	0.85	0	5
42	43	3	3	1	0.92	1	5
43	44	2	3	1	0.8	0	5
44	45	1	2	1	0.37	0	5
45	46	1	3	1	0.8	1	5
46	47	2	2	1	0.62	0	5
47	48	2	1	0	0.11	1	5
48	49	3	2	1	0.5	1	5
49	50	3	2	1	0.63	1	5
50	51	2	3	1	0.89	0	5
51	52	1	3	1	0.71	0	5
52	53	2	1	0	0.19	1	5
53	54	2	2	1	0.46	0	5
54	55	3	1	0	0.07	0	5
55	56	3	2	1	0.55	1	5
56	57	2	3	1	0.67	1	5
57	58	2	1	0	0.25	0	5
58	59	3	1	0	0.28	1	5
59	60	1	1	1	0.32	0	5
60	61	3	3	1	0.68	1	5
61	62	1	1	0	0.07	0	5
62	63	2	2	1	0.54	1	5
63	64	2	3	1	0.75	1	5
64	65	1	1	1	0.23	0	5
65	66	1	2	1	0.5	0	5
66	67	3	1	0	0.14	1	5
67	68	2	1	1	0.32	0	5
68	69	1	2	1	0.45	0	5
69	70	2	2	1	0.38	1	5
70	71	3	3	1	0.76	1	5
71	72	1	1	1	0.16	0	5
72	73	3	2	0	0.39	1	5
73	74	2	1	1	0.24	1	5
74	75	2	3	1	0.86	0	5
75	76	1	2	1	0.56	0	5
76	77	3	3	1	0.81	1	5
77	78	2	3	1	0.94	0	5
78	79	2	2	1	0.51	1	5
79	80	3	1	0	0.33	1	5
80	81	1	2	1	0.42	0	5
81	82	1	3	1	0.69	0	5
82	83	2	3	1	0.72	0	5
83	84	1	1	1	0.12	0	5
84	85	3	2	1	0.55	1	5
85	86	1	1	1	0.21	0	5
86	87	3	2	0	0.47	1	5
87	88	3	1	0	0.12	1	5
88	89	2	1	0	0.17	1	5
89	90	1	2	1	0.64	0	5
90	91	1	1	0	0.05	0	5
91	92	1	3	1	0.85	0	5
92	93	1	1	1	0.29	0	5
93	94	1	3	1	0.77	1	5
94	95	3	1	0	0.17	1	5
95	96	2	3	1	0.78	1	5
96	97	2	2	1	0.43	1	5
97	98	3	3	1	0.65	1	5
98	99	3	3	1	0.73	0	5
99	100	2	1	1	0.3	0	5
100	101	1	3	1	0.9	0	5
101	102	3	1	0	0.26	1	5
102	103	1	2	1	0.48	0	5
103	104	2	1	0	0.08	0	5
104	105	3	3	1	0.9	1	5
105	106	2	2	1	0.6	1	5
106	107	2	2	1	0.35	0	5
107	108	3	2	1	0.6	1	5
0	1	1	2	1.0	0.53	0	6
1	2	2	1	0.0	0.13	0	6
2	3	2	3	1.0	0.91	1	6
3	4	3	1	0.0	0.15	1	6
4	5	1	2	1.0	0.61	0	6
5	6	3	1	1.0	0.31	1	6
6	7	3	3	1.0	0.79	1	6
7	8	1	1	0.0	0.1	0	6
8	9	3	2	1.0	0.58	1	6
9	10	3	2	0.0	0.36	1	6
10	11	1	3	1.0	0.82	0	6
11	12	3	1	0.0	0.22	1	6
12	13	3	3	1.0	0.87	0	6
13	14	1	2	1.0	0.45	0	6
14	15	2	3	1.0	0.7	0	6
15	16	1	1	1.0	0.27	0	6
16	17	2	2	1.0	0.4	0	6
17	18	1	1	1.0	0.18	0	6
18	19	1	3	1.0	0.74	0	6
19	20	3	2	0.0	0.52	1	6
20	21	1	1	1.0	0.34	0	6
21	22	3	3	1.0	0.7	1	6
22	23	2	2	1.0	0.65	0	6
23	24	2	2	1.0	0.49	1	6
24	25	2	2	1.0	0.57	0	6
25	26	2	1	0.0	0.22	1	6
26	27	1	2	1.0	0.4	1	6
27	28	2	1	1.0	0.27	1	6
28	29	1	3	1.0	0.88	0	6
29	30	3	1	0.0	0.09	1	6
30	31	3	2	1.0	0.44	1	6
31	32	3	3	1.0	0.95	1	6
32	33	2	3	1.0	0.75	1	6
33	34	2	1	0.0	0.06	1	6
34	35	2	3	1.0	0.83	0	6
35	36	1	3	1.0	0.66	0	6
36	37	3	3	1.0	0.84	1	6
37	38	1	3	1.0	0.93	0	6
38	39	3	1	0.0	0.2	1	6
39	40	3	2	1.0	0.41	1	6
40	41	1	2	1.0	0.59	0	6
41	42	1	3	1.0	0.85	0	6
42	43	3	3	1.0	0.92	1	6
43	44	2	3	1.0	0.8	0	6
44	45	1	2	1.0	0.37	0	6
45	46	1	3	1.0	0.8	1	6
46	47	2	2	1.0	0.62	0	6
47	48	2	1	0.0	0.11	1	6
48	49	3	2	1.0	0.5	1	6
49	50	3	2	1.0	0.63	1	6
50	51	2	3	1.0	0.89	0	6
51	52	1	3	1.0	0.71	0	6
52	53	2	1	0.0	0.19	1	6
53	54	2	2	1.0	0.46	0	6
54	55	3	1	0.0	0.07	0	6
55	56	3	2	1.0	0.55	1	6
56	57	2	3	1.0	0.67	1	6
57	58	2	1	0.0	0.25	0	6
58	59	3	1	0.0	0.28	1	6
59	60	1	1	1.0	0.32	0	6
60	61	3	3	1.0	0.68	1	6
61	62	1	1	0.0	0.07	0	6
62	63	2	2	1.0	0.54	1	6
63	64	2	3	1.0	0.75	1	6
64	65	1	1	1.0	0.23	0	6
65	66	1	2	1.0	0.5	0	6
66	67	3	1	0.0	0.14	1	6
67	68	2	1	0.0	0.32	0	6
68	69	1	2	1.0	0.45	0	6
69	70	2	2	0.0	0.38	1	6
70	71	3	3	1.0	0.76	1	6
71	72	1	1	1.0	0.16	0	6
72	73	3	2	0.0	0.39	1	6
73	74	2	1	0.0	0.24	1	6
74	75	2	3	1.0	0.86	0	6
75	76	1	2	1.0	0.56	0	6
76	77	3	3	1.0	0.81	1	6
77	78	2	3	1.0	0.94	0	6
78	79	2	2	1.0	0.51	1	6
79	80	3	1	0.0	0.33	1	6
80	81	1	2	1.0	0.42	0	6
81	82	1	3	1.0	0.69	0	6
82	83	2	3	1.0	0.72	0	6
83	84	1	1	1.0	0.12	0	6
84	85	3	2	1.0	0.55	1	6
85	86	1	1	1.0	0.21	0	6
86	87	3	2	1.0	0.47	1	6
87	88	3	1	0.0	0.12	1	6
88	89	2	1	0.0	0.17	1	6
89	90	1	2	1.0	0.64	0	6
90	91	1	1	0.0	0.05	0	6
91	92	1	3	1.0	0.85	0	6
92	93	1	1	1.0	0.29	0	6
93	94	1	3	1.0	0.77	1	6
94	95	3	1	0.0	0.17	1	6
95	96	2	3	1.0	0.78	1	6
96	97	2	2	1.0	0.43	1	6
97	98	3	3	1.0	0.65	1	6
98	99	3	3	1.0	0.73	0	6
99	100	2	1	0.0	0.3	0	6
100	101	1	3	1.0	0.9	0	6
101	102	3	1	0.0	0.26	1	6
103	104	2	1	0.0	0.08	0	6
104	105	3	3	1.0	0.9	1	6
105	106	2	2	1.0	0.6	1	6
106	107	2	2	0.0	0.35	0	6
107	108	3	2	0.0	0.6	1	6
1	2	2	1	0.0	0.13	0	7
2	3	2	3	1.0	0.91	1	7
3	4	3	1	0.0	0.15	1	7
4	5	1	2	1.0	0.61	0	7
5	6	3	1	0.0	0.31	1	7
6	7	3	3	0.0	0.79	1	7
7	8	1	1	1.0	0.1	0	7
8	9	3	2	0.0	0.58	1	7
9	10	3	2	0.0	0.36	1	7
10	11	1	3	1.0	0.82	0	7
11	12	3	1	0.0	0.22	1	7
12	13	3	3	0.0	0.87	0	7
13	14	1	2	1.0	0.45	0	7
14	15	2	3	0.0	0.7	0	7
15	16	1	1	1.0	0.27	0	7
16	17	2	2	0.0	0.4	0	7
17	18	1	1	1.0	0.18	0	7
18	19	1	3	1.0	0.74	0	7
19	20	3	2	0.0	0.52	1	7
20	21	1	1	1.0	0.34	0	7
21	22	3	3	0.0	0.7	1	7
22	23	2	2	0.0	0.65	0	7
23	24	2	2	0.0	0.49	1	7
24	25	2	2	0.0	0.57	0	7
25	26	2	1	0.0	0.22	1	7
26	27	1	2	1.0	0.4	1	7
27	28	2	1	0.0	0.27	1	7
28	29	1	3	1.0	0.88	0	7
29	30	3	1	0.0	0.09	1	7
30	31	3	2	0.0	0.44	1	7
31	32	3	3	0.0	0.95	1	7
32	33	2	3	1.0	0.75	1	7
33	34	2	1	0.0	0.06	1	7
34	35	2	3	0.0	0.83	0	7
35	36	1	3	1.0	0.66	0	7
36	37	3	3	0.0	0.84	1	7
37	38	1	3	1.0	0.93	0	7
38	39	3	1	0.0	0.2	1	7
39	40	3	2	0.0	0.41	1	7
40	41	1	2	1.0	0.59	0	7
41	42	1	3	1.0	0.85	0	7
42	43	3	3	0.0	0.92	1	7
43	44	2	3	1.0	0.8	0	7
44	45	1	2	1.0	0.37	0	7
45	46	1	3	1.0	0.8	1	7
46	47	2	2	0.0	0.62	0	7
47	48	2	1	0.0	0.11	1	7
48	49	3	2	0.0	0.5	1	7
49	50	3	2	0.0	0.63	1	7
50	51	2	3	0.0	0.89	0	7
51	52	1	3	1.0	0.71	0	7
52	53	2	1	0.0	0.19	1	7
53	54	2	2	0.0	0.46	0	7
54	55	3	1	0.0	0.07	0	7
55	56	3	2	0.0	0.55	1	7
56	57	2	3	0.0	0.67	1	7
57	58	2	1	0.0	0.25	0	7
58	59	3	1	0.0	0.28	1	7
59	60	1	1	1.0	0.32	0	7
60	61	3	3	0.0	0.68	1	7
61	62	1	1	1.0	0.07	0	7
62	63	2	2	1.0	0.54	1	7
63	64	2	3	0.0	0.75	1	7
64	65	1	1	1.0	0.23	0	7
65	66	1	2	1.0	0.5	0	7
66	67	3	1	0.0	0.14	1	7
67	68	2	1	1.0	0.32	0	7
68	69	1	2	1.0	0.45	0	7
69	70	2	2	1.0	0.38	1	7
70	71	3	3	0.0	0.76	1	7
71	72	1	1	1.0	0.16	0	7
72	73	3	2	0.0	0.39	1	7
73	74	2	1	0.0	0.24	1	7
74	75	2	3	1.0	0.86	0	7
75	76	1	2	1.0	0.56	0	7
76	77	3	3	0.0	0.81	1	7
77	78	2	3	1.0	0.94	0	7
78	79	2	2	0.0	0.51	1	7
79	80	3	1	0.0	0.33	1	7
80	81	1	2	1.0	0.42	0	7
81	82	1	3	1.0	0.69	0	7
82	83	2	3	1.0	0.72	0	7
83	84	1	1	1.0	0.12	0	7
84	85	3	2	0.0	0.55	1	7
85	86	1	1	1.0	0.21	0	7
86	87	3	2	0.0	0.47	1	7
87	88	3	1	0.0	0.12	1	7
88	89	2	1	0.0	0.17	1	7
89	90	1	2	1.0	0.64	0	7
90	91	1	1	0.0	0.05	0	7
91	92	1	3	1.0	0.85	0	7
92	93	1	1	1.0	0.29	0	7
93	94	1	3	1.0	0.77	1	7
94	95	3	1	0.0	0.17	1	7
95	96	2	3	1.0	0.78	1	7
96	97	2	2	1.0	0.43	1	7
97	98	3	3	0.0	0.65	1	7
98	99	3	3	0.0	0.73	0	7
99	100	2	1	0.0	0.3	0	7
100	101	1	3	1.0	0.9	0	7
101	102	3	1	0.0	0.26	1	7
102	103	1	2	1.0	0.48	0	7
103	104	2	1	0.0	0.08	0	7
104	105	3	3	0.0	0.9	1	7
105	106	2	2	0.0	0.6	1	7
106	107	2	2	0.0	0.35	0	7
107	108	3	2	0.0	0.6	1	7
0	1	1	2	1.0	0.53	0	8
1	2	2	1	0.0	0.13	0	8
2	3	2	3	1.0	0.91	1	8
3	4	3	1	0.0	0.15	1	8
4	5	1	2	1.0	0.61	0	8
5	6	3	1	1.0	0.31	1	8
6	7	3	3	1.0	0.79	1	8
7	8	1	1	0.0	0.1	0	8
8	9	3	2	1.0	0.58	1	8
9	10	3	2	0.0	0.36	1	8
10	11	1	3	1.0	0.82	0	8
11	12	3	1	0.0	0.22	1	8
12	13	3	3	1.0	0.87	0	8
13	14	1	2	1.0	0.45	0	8
14	15	2	3	1.0	0.7	0	8
15	16	1	1	1.0	0.27	0	8
16	17	2	2	1.0	0.4	0	8
17	18	1	1	1.0	0.18	0	8
18	19	1	3	1.0	0.74	0	8
19	20	3	2	1.0	0.52	1	8
20	21	1	1	1.0	0.34	0	8
21	22	3	3	1.0	0.7	1	8
22	23	2	2	1.0	0.65	0	8
23	24	2	2	1.0	0.49	1	8
24	25	2	2	1.0	0.57	0	8
25	26	2	1	1.0	0.22	1	8
26	27	1	2	1.0	0.4	1	8
27	28	2	1	0.0	0.27	1	8
28	29	1	3	1.0	0.88	0	8
29	30	3	1	0.0	0.09	1	8
30	31	3	2	1.0	0.44	1	8
31	32	3	3	1.0	0.95	1	8
32	33	2	3	1.0	0.75	1	8
33	34	2	1	0.0	0.06	1	8
34	35	2	3	1.0	0.83	0	8
35	36	1	3	1.0	0.66	0	8
36	37	3	3	1.0	0.84	1	8
37	38	1	3	1.0	0.93	0	8
38	39	3	1	0.0	0.2	1	8
39	40	3	2	0.0	0.41	1	8
40	41	1	2	1.0	0.59	0	8
41	42	1	3	1.0	0.85	0	8
42	43	3	3	1.0	0.92	1	8
43	44	2	3	1.0	0.8	0	8
44	45	1	2	1.0	0.37	0	8
45	46	1	3	1.0	0.8	1	8
46	47	2	2	1.0	0.62	0	8
47	48	2	1	0.0	0.11	1	8
48	49	3	2	1.0	0.5	1	8
49	50	3	2	1.0	0.63	1	8
50	51	2	3	1.0	0.89	0	8
51	52	1	3	1.0	0.71	0	8
52	53	2	1	0.0	0.19	1	8
53	54	2	2	1.0	0.46	0	8
54	55	3	1	0.0	0.07	0	8
55	56	3	2	1.0	0.55	1	8
56	57	2	3	1.0	0.67	1	8
57	58	2	1	0.0	0.25	0	8
58	59	3	1	0.0	0.28	1	8
59	60	1	1	1.0	0.32	0	8
60	61	3	3	1.0	0.68	1	8
61	62	1	1	1.0	0.07	0	8
62	63	2	2	1.0	0.54	1	8
63	64	2	3	1.0	0.75	1	8
64	65	1	1	1.0	0.23	0	8
65	66	1	2	1.0	0.5	0	8
66	67	3	1	0.0	0.14	1	8
67	68	2	1	1.0	0.32	0	8
68	69	1	2	1.0	0.45	0	8
69	70	2	2	1.0	0.38	1	8
70	71	3	3	1.0	0.76	1	8
71	72	1	1	1.0	0.16	0	8
72	73	3	2	0.0	0.39	1	8
73	74	2	1	0.0	0.24	1	8
74	75	2	3	1.0	0.86	0	8
75	76	1	2	1.0	0.56	0	8
76	77	3	3	0.0	0.81	1	8
77	78	2	3	1.0	0.94	0	8
78	79	2	2	1.0	0.51	1	8
79	80	3	1	0.0	0.33	1	8
80	81	1	2	1.0	0.42	0	8
81	82	1	3	1.0	0.69	0	8
82	83	2	3	1.0	0.72	0	8
83	84	1	1	1.0	0.12	0	8
84	85	3	2	1.0	0.55	1	8
85	86	1	1	1.0	0.21	0	8
86	87	3	2	1.0	0.47	1	8
87	88	3	1	0.0	0.12	1	8
88	89	2	1	1.0	0.17	1	8
89	90	1	2	1.0	0.64	0	8
90	91	1	1	1.0	0.05	0	8
91	92	1	3	1.0	0.85	0	8
92	93	1	1	1.0	0.29	0	8
93	94	1	3	1.0	0.77	1	8
94	95	3	1	0.0	0.17	1	8
95	96	2	3	1.0	0.78	1	8
96	97	2	2	1.0	0.43	1	8
97	98	3	3	1.0	0.65	1	8
99	100	2	1	1.0	0.3	0	8
100	101	1	3	1.0	0.9	0	8
101	102	3	1	0.0	0.26	1	8
102	103	1	2	1.0	0.48	0	8
103	104	2	1	0.0	0.08	0	8
104	105	3	3	1.0	0.9	1	8
105	106	2	2	1.0	0.6	1	8
106	107	2	2	1.0	0.35	0	8
107	108	3	2	1.0	0.6	1	8
0	1	1	2	1.0	0.53	0	9
1	2	2	1	1.0	0.13	0	9
2	3	2	3	1.0	0.91	1	9
3	4	3	1	0.0	0.15	1	9
4	5	1	2	1.0	0.61	0	9
5	6	3	1	0.0	0.31	1	9
6	7	3	3	1.0	0.79	1	9
7	8	1	1	1.0	0.1	0	9
8	9	3	2	1.0	0.58	1	9
9	10	3	2	1.0	0.36	1	9
10	11	1	3	1.0	0.82	0	9
11	12	3	1	1.0	0.22	1	9
12	13	3	3	1.0	0.87	0	9
13	14	1	2	1.0	0.45	0	9
14	15	2	3	1.0	0.7	0	9
15	16	1	1	1.0	0.27	0	9
16	17	2	2	1.0	0.4	0	9
17	18	1	1	1.0	0.18	0	9
18	19	1	3	1.0	0.74	0	9
19	20	3	2	1.0	0.52	1	9
20	21	1	1	1.0	0.34	0	9
22	23	2	2	1.0	0.65	0	9
23	24	2	2	1.0	0.49	1	9
24	25	2	2	1.0	0.57	0	9
25	26	2	1	1.0	0.22	1	9
26	27	1	2	1.0	0.4	1	9
27	28	2	1	1.0	0.27	1	9
28	29	1	3	1.0	0.88	0	9
29	30	3	1	0.0	0.09	1	9
30	31	3	2	1.0	0.44	1	9
31	32	3	3	1.0	0.95	1	9
32	33	2	3	1.0	0.75	1	9
33	34	2	1	1.0	0.06	1	9
34	35	2	3	1.0	0.83	0	9
35	36	1	3	1.0	0.66	0	9
36	37	3	3	1.0	0.84	1	9
38	39	3	1	1.0	0.2	1	9
39	40	3	2	1.0	0.41	1	9
40	41	1	2	1.0	0.59	0	9
41	42	1	3	1.0	0.85	0	9
42	43	3	3	1.0	0.92	1	9
43	44	2	3	1.0	0.8	0	9
44	45	1	2	1.0	0.37	0	9
45	46	1	3	1.0	0.8	1	9
46	47	2	2	1.0	0.62	0	9
47	48	2	1	1.0	0.11	1	9
48	49	3	2	1.0	0.5	1	9
49	50	3	2	1.0	0.63	1	9
50	51	2	3	1.0	0.89	0	9
52	53	2	1	1.0	0.19	1	9
53	54	2	2	1.0	0.46	0	9
54	55	3	1	0.0	0.07	0	9
55	56	3	2	1.0	0.55	1	9
56	57	2	3	1.0	0.67	1	9
57	58	2	1	1.0	0.25	0	9
58	59	3	1	1.0	0.28	1	9
59	60	1	1	1.0	0.32	0	9
60	61	3	3	1.0	0.68	1	9
61	62	1	1	1.0	0.07	0	9
62	63	2	2	1.0	0.54	1	9
63	64	2	3	1.0	0.75	1	9
64	65	1	1	1.0	0.23	0	9
65	66	1	2	1.0	0.5	0	9
66	67	3	1	1.0	0.14	1	9
67	68	2	1	1.0	0.32	0	9
69	70	2	2	1.0	0.38	1	9
71	72	1	1	1.0	0.16	0	9
72	73	3	2	1.0	0.39	1	9
73	74	2	1	1.0	0.24	1	9
74	75	2	3	1.0	0.86	0	9
75	76	1	2	1.0	0.56	0	9
76	77	3	3	1.0	0.81	1	9
77	78	2	3	1.0	0.94	0	9
78	79	2	2	1.0	0.51	1	9
79	80	3	1	1.0	0.33	1	9
80	81	1	2	1.0	0.42	0	9
81	82	1	3	1.0	0.69	0	9
82	83	2	3	1.0	0.72	0	9
83	84	1	1	1.0	0.12	0	9
84	85	3	2	1.0	0.55	1	9
85	86	1	1	1.0	0.21	0	9
86	87	3	2	1.0	0.47	1	9
87	88	3	1	1.0	0.12	1	9
88	89	2	1	1.0	0.17	1	9
90	91	1	1	1.0	0.05	0	9
91	92	1	3	1.0	0.85	0	9
92	93	1	1	1.0	0.29	0	9
93	94	1	3	1.0	0.77	1	9
94	95	3	1	1.0	0.17	1	9
95	96	2	3	1.0	0.78	1	9
96	97	2	2	1.0	0.43	1	9
97	98	3	3	1.0	0.65	1	9
98	99	3	3	1.0	0.73	0	9
99	100	2	1	1.0	0.3	0	9
100	101	1	3	1.0	0.9	0	9
101	102	3	1	1.0	0.26	1	9
102	103	1	2	1.0	0.48	0	9
103	104	2	1	1.0	0.08	0	9
104	105	3	3	1.0	0.9	1	9
105	106	2	2	1.0	0.6	1	9
106	107	2	2	1.0	0.35	0	9
107	108	3	2	1.0	0.6	1	9
0	1	1	2	1	0.53	0	10
1	2	2	1	0	0.13	0	10
2	3	2	3	1	0.91	1	10
3	4	3	1	0	0.15	1	10
4	5	1	2	1	0.61	0	10
5	6	3	1	0	0.31	1	10
6	7	3	3	0	0.79	1	10
7	8	1	1	1	0.1	0	10
8	9	3	2	0	0.58	1	10
9	10	3	2	0	0.36	1	10
10	11	1	3	1	0.82	0	10
11	12	3	1	0	0.22	1	10
12	13	3	3	1	0.87	0	10
13	14	1	2	1	0.45	0	10
14	15	2	3	1	0.7	0	10
15	16	1	1	1	0.27	0	10
16	17	2	2	0	0.4	0	10
17	18	1	1	1	0.18	0	10
18	19	1	3	1	0.74	0	10
19	20	3	2	0	0.52	1	10
20	21	1	1	1	0.34	0	10
21	22	3	3	1	0.7	1	10
22	23	2	2	1	0.65	0	10
23	24	2	2	1	0.49	1	10
24	25	2	2	1	0.57	0	10
25	26	2	1	0	0.22	1	10
26	27	1	2	0	0.4	1	10
27	28	2	1	0	0.27	1	10
28	29	1	3	1	0.88	0	10
29	30	3	1	0	0.09	1	10
30	31	3	2	0	0.44	1	10
31	32	3	3	1	0.95	1	10
32	33	2	3	1	0.75	1	10
33	34	2	1	0	0.06	1	10
34	35	2	3	1	0.83	0	10
35	36	1	3	1	0.66	0	10
36	37	3	3	1	0.84	1	10
37	38	1	3	1	0.93	0	10
38	39	3	1	0	0.2	1	10
39	40	3	2	0	0.41	1	10
40	41	1	2	1	0.59	0	10
41	42	1	3	1	0.85	0	10
42	43	3	3	1	0.92	1	10
43	44	2	3	1	0.8	0	10
44	45	1	2	1	0.37	0	10
45	46	1	3	1	0.8	1	10
46	47	2	2	1	0.62	0	10
47	48	2	1	0	0.11	1	10
48	49	3	2	0	0.5	1	10
49	50	3	2	0	0.63	1	10
50	51	2	3	1	0.89	0	10
51	52	1	3	1	0.71	0	10
52	53	2	1	0	0.19	1	10
53	54	2	2	0	0.46	0	10
54	55	3	1	0	0.07	0	10
55	56	3	2	0	0.55	1	10
56	57	2	3	1	0.67	1	10
57	58	2	1	0	0.25	0	10
58	59	3	1	0	0.28	1	10
59	60	1	1	1	0.32	0	10
60	61	3	3	0	0.68	1	10
61	62	1	1	1	0.07	0	10
62	63	2	2	1	0.54	1	10
63	64	2	3	1	0.75	1	10
64	65	1	1	1	0.23	0	10
65	66	1	2	1	0.5	0	10
66	67	3	1	0	0.14	1	10
67	68	2	1	1	0.32	0	10
68	69	1	2	1	0.45	0	10
69	70	2	2	0	0.38	1	10
70	71	3	3	1	0.76	1	10
71	72	1	1	1	0.16	0	10
72	73	3	2	0	0.39	1	10
73	74	2	1	0	0.24	1	10
74	75	2	3	1	0.86	0	10
75	76	1	2	1	0.56	0	10
76	77	3	3	1	0.81	1	10
77	78	2	3	1	0.94	0	10
78	79	2	2	0	0.51	1	10
79	80	3	1	0	0.33	1	10
80	81	1	2	1	0.42	0	10
81	82	1	3	1	0.69	0	10
82	83	2	3	1	0.72	0	10
83	84	1	1	1	0.12	0	10
84	85	3	2	0	0.55	1	10
85	86	1	1	1	0.21	0	10
86	87	3	2	0	0.47	1	10
87	88	3	1	0	0.12	1	10
88	89	2	1	0	0.17	1	10
89	90	1	2	1	0.64	0	10
90	91	1	1	1	0.05	0	10
91	92	1	3	1	0.85	0	10
92	93	1	1	1	0.29	0	10
93	94	1	3	1	0.77	1	10
94	95	3	1	0	0.17	1	10
95	96	2	3	1	0.78	1	10
96	97	2	2	1	0.43	1	10
97	98	3	3	1	0.65	1	10
98	99	3	3	1	0.73	0	10
99	100	2	1	0	0.3	0	10
100	101	1	3	1	0.9	0	10
101	102	3	1	0	0.26	1	10
102	103	1	2	1	0.48	0	10
103	104	2	1	0	0.08	0	10
104	105	3	3	0	0.9	1	10
105	106	2	2	1	0.6	1	10
106	107	2	2	0	0.35	0	10
107	108	3	2	0	0.6	1	10
0	1	1	2	1	0.53	0	11
1	2	2	1	1	0.13	0	11
2	3	2	3	1	0.91	1	11
3	4	3	1	0	0.15	1	11
4	5	1	2	1	0.61	0	11
5	6	3	1	1	0.31	1	11
6	7	3	3	1	0.79	1	11
7	8	1	1	1	0.1	0	11
8	9	3	2	1	0.58	1	11
9	10	3	2	0	0.36	1	11
10	11	1	3	1	0.82	0	11
11	12	3	1	0	0.22	1	11
12	13	3	3	1	0.87	0	11
13	14	1	2	1	0.45	0	11
14	15	2	3	1	0.7	0	11
15	16	1	1	1	0.27	0	11
16	17	2	2	1	0.4	0	11
17	18	1	1	1	0.18	0	11
18	19	1	3	1	0.74	0	11
19	20	3	2	0	0.52	1	11
20	21	1	1	1	0.34	0	11
21	22	3	3	1	0.7	1	11
22	23	2	2	1	0.65	0	11
23	24	2	2	1	0.49	1	11
24	25	2	2	1	0.57	0	11
25	26	2	1	0	0.22	1	11
26	27	1	2	1	0.4	1	11
27	28	2	1	0	0.27	1	11
28	29	1	3	1	0.88	0	11
29	30	3	1	0	0.09	1	11
30	31	3	2	0	0.44	1	11
31	32	3	3	1	0.95	1	11
32	33	2	3	1	0.75	1	11
33	34	2	1	0	0.06	1	11
34	35	2	3	1	0.83	0	11
35	36	1	3	1	0.66	0	11
36	37	3	3	1	0.84	1	11
37	38	1	3	1	0.93	0	11
38	39	3	1	0	0.2	1	11
39	40	3	2	0	0.41	1	11
40	41	1	2	1	0.59	0	11
41	42	1	3	1	0.85	0	11
42	43	3	3	1	0.92	1	11
43	44	2	3	1	0.8	0	11
44	45	1	2	1	0.37	0	11
45	46	1	3	1	0.8	1	11
46	47	2	2	1	0.62	0	11
47	48	2	1	0	0.11	1	11
48	49	3	2	1	0.5	1	11
49	50	3	2	1	0.63	1	11
50	51	2	3	1	0.89	0	11
51	52	1	3	1	0.71	0	11
52	53	2	1	0	0.19	1	11
53	54	2	2	1	0.46	0	11
54	55	3	1	0	0.07	0	11
55	56	3	2	1	0.55	1	11
56	57	2	3	1	0.67	1	11
57	58	2	1	0	0.25	0	11
58	59	3	1	0	0.28	1	11
59	60	1	1	1	0.32	0	11
60	61	3	3	1	0.68	1	11
61	62	1	1	0	0.07	0	11
62	63	2	2	1	0.54	1	11
63	64	2	3	1	0.75	1	11
64	65	1	1	1	0.23	0	11
65	66	1	2	1	0.5	0	11
66	67	3	1	0	0.14	1	11
67	68	2	1	1	0.32	0	11
68	69	1	2	1	0.45	0	11
69	70	2	2	1	0.38	1	11
70	71	3	3	1	0.76	1	11
71	72	1	1	1	0.16	0	11
72	73	3	2	0	0.39	1	11
73	74	2	1	1	0.24	1	11
74	75	2	3	1	0.86	0	11
75	76	1	2	1	0.56	0	11
76	77	3	3	1	0.81	1	11
77	78	2	3	1	0.94	0	11
78	79	2	2	1	0.51	1	11
79	80	3	1	0	0.33	1	11
80	81	1	2	1	0.42	0	11
81	82	1	3	1	0.69	0	11
82	83	2	3	1	0.72	0	11
83	84	1	1	1	0.12	0	11
84	85	3	2	1	0.55	1	11
85	86	1	1	1	0.21	0	11
86	87	3	2	0	0.47	1	11
87	88	3	1	0	0.12	1	11
88	89	2	1	0	0.17	1	11
89	90	1	2	1	0.64	0	11
90	91	1	1	1	0.05	0	11
91	92	1	3	1	0.85	0	11
92	93	1	1	1	0.29	0	11
93	94	1	3	1	0.77	1	11
94	95	3	1	0	0.17	1	11
95	96	2	3	1	0.78	1	11
96	97	2	2	1	0.43	1	11
97	98	3	3	1	0.65	1	11
98	99	3	3	1	0.73	0	11
99	100	2	1	1	0.3	0	11
100	101	1	3	1	0.9	0	11
101	102	3	1	0	0.26	1	11
102	103	1	2	1	0.48	0	11
103	104	2	1	0	0.08	0	11
104	105	3	3	1	0.9	1	11
105	106	2	2	1	0.6	1	11
106	107	2	2	1	0.35	0	11
107	108	3	2	1	0.6	1	11
0	1	1	2	1	0.53	0	12
1	2	2	1	1	0.13	0	12
2	3	2	3	1	0.91	1	12
3	4	3	1	1	0.15	1	12
4	5	1	2	1	0.61	0	12
5	6	3	1	1	0.31	1	12
6	7	3	3	1	0.79	1	12
7	8	1	1	1	0.1	0	12
8	9	3	2	1	0.58	1	12
9	10	3	2	1	0.36	1	12
10	11	1	3	1	0.82	0	12
11	12	3	1	1	0.22	1	12
12	13	3	3	1	0.87	0	12
13	14	1	2	1	0.45	0	12
14	15	2	3	1	0.7	0	12
15	16	1	1	1	0.27	0	12
16	17	2	2	1	0.4	0	12
17	18	1	1	1	0.18	0	12
18	19	1	3	1	0.74	0	12
19	20	3	2	1	0.52	1	12
20	21	1	1	1	0.34	0	12
21	22	3	3	1	0.7	1	12
22	23	2	2	1	0.65	0	12
23	24	2	2	1	0.49	1	12
24	25	2	2	1	0.57	0	12
25	26	2	1	1	0.22	1	12
26	27	1	2	1	0.4	1	12
27	28	2	1	1	0.27	1	12
28	29	1	3	1	0.88	0	12
29	30	3	1	1	0.09	1	12
30	31	3	2	1	0.44	1	12
31	32	3	3	1	0.95	1	12
32	33	2	3	1	0.75	1	12
33	34	2	1	1	0.06	1	12
34	35	2	3	1	0.83	0	12
35	36	1	3	1	0.66	0	12
36	37	3	3	1	0.84	1	12
37	38	1	3	1	0.93	0	12
38	39	3	1	1	0.2	1	12
39	40	3	2	1	0.41	1	12
40	41	1	2	1	0.59	0	12
41	42	1	3	1	0.85	0	12
42	43	3	3	1	0.92	1	12
43	44	2	3	1	0.8	0	12
44	45	1	2	1	0.37	0	12
45	46	1	3	1	0.8	1	12
46	47	2	2	1	0.62	0	12
47	48	2	1	1	0.11	1	12
48	49	3	2	1	0.5	1	12
49	50	3	2	1	0.63	1	12
50	51	2	3	1	0.89	0	12
51	52	1	3	1	0.71	0	12
52	53	2	1	1	0.19	1	12
53	54	2	2	1	0.46	0	12
54	55	3	1	1	0.07	0	12
55	56	3	2	1	0.55	1	12
56	57	2	3	1	0.67	1	12
57	58	2	1	1	0.25	0	12
58	59	3	1	1	0.28	1	12
59	60	1	1	1	0.32	0	12
60	61	3	3	1	0.68	1	12
61	62	1	1	1	0.07	0	12
62	63	2	2	1	0.54	1	12
63	64	2	3	1	0.75	1	12
64	65	1	1	1	0.23	0	12
65	66	1	2	1	0.5	0	12
66	67	3	1	1	0.14	1	12
67	68	2	1	1	0.32	0	12
68	69	1	2	1	0.45	0	12
69	70	2	2	1	0.38	1	12
70	71	3	3	1	0.76	1	12
71	72	1	1	1	0.16	0	12
72	73	3	2	1	0.39	1	12
73	74	2	1	1	0.24	1	12
74	75	2	3	1	0.86	0	12
75	76	1	2	1	0.56	0	12
76	77	3	3	1	0.81	1	12
77	78	2	3	1	0.94	0	12
78	79	2	2	1	0.51	1	12
79	80	3	1	1	0.33	1	12
80	81	1	2	1	0.42	0	12
81	82	1	3	1	0.69	0	12
82	83	2	3	1	0.72	0	12
83	84	1	1	1	0.12	0	12
84	85	3	2	1	0.55	1	12
85	86	1	1	1	0.21	0	12
86	87	3	2	1	0.47	1	12
87	88	3	1	1	0.12	1	12
88	89	2	1	1	0.17	1	12
89	90	1	2	1	0.64	0	12
90	91	1	1	1	0.05	0	12
91	92	1	3	1	0.85	0	12
92	93	1	1	1	0.29	0	12
93	94	1	3	1	0.77	1	12
94	95	3	1	1	0.17	1	12
95	96	2	3	1	0.78	1	12
96	97	2	2	1	0.43	1	12
97	98	3	3	1	0.65	1	12
98	99	3	3	1	0.73	0	12
99	100	2	1	1	0.3	0	12
100	101	1	3	1	0.9	0	12
101	102	3	1	1	0.26	1	12
102	103	1	2	1	0.48	0	12
103	104	2	1	1	0.08	0	12
104	105	3	3	1	0.9	1	12
105	106	2	2	1	0.6	1	12
106	107	2	2	1	0.35	0	12
107	108	3	2	1	0.6	1	12
0	1	1	2	0	0.53	0	13
1	2	2	1	0	0.13	0	13
2	3	2	3	0	0.91	1	13
3	4	3	1	1	0.15	1	13
4	5	1	2	1	0.61	0	13
5	6	3	1	0	0.31	1	13
6	7	3	3	0	0.79	1	13
7	8	1	1	1	0.1	0	13
8	9	3	2	0	0.58	1	13
9	10	3	2	1	0.36	1	13
10	11	1	3	1	0.82	0	13
11	12	3	1	0	0.22	1	13
12	13	3	3	1	0.87	0	13
13	14	1	2	0	0.45	0	13
14	15	2	3	1	0.7	0	13
15	16	1	1	0	0.27	0	13
16	17	2	2	1	0.4	0	13
17	18	1	1	1	0.18	0	13
18	19	1	3	1	0.74	0	13
19	20	3	2	1	0.52	1	13
20	21	1	1	1	0.34	0	13
21	22	3	3	0	0.7	1	13
22	23	2	2	1	0.65	0	13
23	24	2	2	1	0.49	1	13
24	25	2	2	1	0.57	0	13
25	26	2	1	0	0.22	1	13
26	27	1	2	1	0.4	1	13
27	28	2	1	1	0.27	1	13
28	29	1	3	1	0.88	0	13
29	30	3	1	0	0.09	1	13
30	31	3	2	0	0.44	1	13
31	32	3	3	0	0.95	1	13
32	33	2	3	0	0.75	1	13
33	34	2	1	0	0.06	1	13
34	35	2	3	0	0.83	0	13
35	36	1	3	0	0.66	0	13
36	37	3	3	0	0.84	1	13
37	38	1	3	1	0.93	0	13
38	39	3	1	0	0.2	1	13
39	40	3	2	0	0.41	1	13
40	41	1	2	1	0.59	0	13
41	42	1	3	1	0.85	0	13
42	43	3	3	0	0.92	1	13
43	44	2	3	0	0.8	0	13
44	45	1	2	1	0.37	0	13
45	46	1	3	1	0.8	1	13
46	47	2	2	0	0.62	0	13
47	48	2	1	0	0.11	1	13
48	49	3	2	0	0.5	1	13
49	50	3	2	0	0.63	1	13
50	51	2	3	1	0.89	0	13
51	52	1	3	1	0.71	0	13
52	53	2	1	0	0.19	1	13
53	54	2	2	1	0.46	0	13
54	55	3	1	0	0.07	0	13
55	56	3	2	0	0.55	1	13
56	57	2	3	0	0.67	1	13
57	58	2	1	0	0.25	0	13
58	59	3	1	0	0.28	1	13
59	60	1	1	1	0.32	0	13
60	61	3	3	0	0.68	1	13
61	62	1	1	1	0.07	0	13
62	63	2	2	1	0.54	1	13
63	64	2	3	0	0.75	1	13
64	65	1	1	1	0.23	0	13
65	66	1	2	1	0.5	0	13
66	67	3	1	0	0.14	1	13
67	68	2	1	0	0.32	0	13
68	69	1	2	1	0.45	0	13
69	70	2	2	0	0.38	1	13
70	71	3	3	0	0.76	1	13
71	72	1	1	1	0.16	0	13
72	73	3	2	0	0.39	1	13
73	74	2	1	0	0.24	1	13
74	75	2	3	0	0.86	0	13
75	76	1	2	1	0.56	0	13
76	77	3	3	0	0.81	1	13
77	78	2	3	0	0.94	0	13
78	79	2	2	0	0.51	1	13
79	80	3	1	0	0.33	1	13
80	81	1	2	1	0.42	0	13
81	82	1	3	1	0.69	0	13
82	83	2	3	0	0.72	0	13
83	84	1	1	1	0.12	0	13
84	85	3	2	0	0.55	1	13
85	86	1	1	1	0.21	0	13
86	87	3	2	0	0.47	1	13
87	88	3	1	0	0.12	1	13
88	89	2	1	0	0.17	1	13
89	90	1	2	1	0.64	0	13
90	91	1	1	1	0.05	0	13
91	92	1	3	1	0.85	0	13
92	93	1	1	1	0.29	0	13
93	94	1	3	1	0.77	1	13
94	95	3	1	0	0.17	1	13
95	96	2	3	0	0.78	1	13
96	97	2	2	0	0.43	1	13
97	98	3	3	0	0.65	1	13
98	99	3	3	0	0.73	0	13
99	100	2	1	0	0.3	0	13
100	101	1	3	1	0.9	0	13
101	102	3	1	0	0.26	1	13
102	103	1	2	1	0.48	0	13
103	104	2	1	0	0.08	0	13
104	105	3	3	0	0.9	1	13
105	106	2	2	0	0.6	1	13
106	107	2	2	0	0.35	0	13
107	108	3	2	0	0.6	1	13
0	1	1	2	0	0.53	0	15
1	2	2	1	0	0.13	0	15
2	3	2	3	0	0.91	1	15
3	4	3	1	0	0.15	1	15
4	5	1	2	0	0.61	0	15
5	6	3	1	0	0.31	1	15
6	7	3	3	0	0.79	1	15
7	8	1	1	0	0.1	0	15
8	9	3	2	0	0.58	1	15
9	10	3	2	0	0.36	1	15
10	11	1	3	1	0.82	0	15
11	12	3	1	0	0.22	1	15
12	13	3	3	0	0.87	0	15
13	14	1	2	0	0.45	0	15
14	15	2	3	0	0.7	0	15
15	16	1	1	0	0.27	0	15
16	17	2	2	0	0.4	0	15
17	18	1	1	0	0.18	0	15
18	19	1	3	1	0.74	0	15
19	20	3	2	0	0.52	1	15
20	21	1	1	0	0.34	0	15
21	22	3	3	0	0.7	1	15
22	23	2	2	0	0.65	0	15
23	24	2	2	0	0.49	1	15
24	25	2	2	0	0.57	0	15
25	26	2	1	0	0.22	1	15
26	27	1	2	0	0.4	1	15
27	28	2	1	0	0.27	1	15
28	29	1	3	1	0.88	0	15
29	30	3	1	0	0.09	1	15
30	31	3	2	0	0.44	1	15
31	32	3	3	0	0.95	1	15
32	33	2	3	0	0.75	1	15
33	34	2	1	0	0.06	1	15
34	35	2	3	0	0.83	0	15
35	36	1	3	0	0.66	0	15
36	37	3	3	0	0.84	1	15
37	38	1	3	1	0.93	0	15
38	39	3	1	0	0.2	1	15
39	40	3	2	0	0.41	1	15
40	41	1	2	0	0.59	0	15
41	42	1	3	1	0.85	0	15
42	43	3	3	0	0.92	1	15
43	44	2	3	0	0.8	0	15
44	45	1	2	0	0.37	0	15
45	46	1	3	1	0.8	1	15
46	47	2	2	0	0.62	0	15
47	48	2	1	0	0.11	1	15
48	49	3	2	0	0.5	1	15
49	50	3	2	0	0.63	1	15
50	51	2	3	0	0.89	0	15
51	52	1	3	1	0.71	0	15
52	53	2	1	0	0.19	1	15
53	54	2	2	0	0.46	0	15
54	55	3	1	0	0.07	0	15
55	56	3	2	0	0.55	1	15
56	57	2	3	0	0.67	1	15
57	58	2	1	0	0.25	0	15
58	59	3	1	0	0.28	1	15
59	60	1	1	0	0.32	0	15
60	61	3	3	0	0.68	1	15
61	62	1	1	0	0.07	0	15
62	63	2	2	0	0.54	1	15
63	64	2	3	0	0.75	1	15
64	65	1	1	0	0.23	0	15
65	66	1	2	0	0.5	0	15
66	67	3	1	0	0.14	1	15
67	68	2	1	0	0.32	0	15
68	69	1	2	0	0.45	0	15
69	70	2	2	0	0.38	1	15
70	71	3	3	0	0.76	1	15
71	72	1	1	0	0.16	0	15
72	73	3	2	0	0.39	1	15
73	74	2	1	0	0.24	1	15
74	75	2	3	0	0.86	0	15
75	76	1	2	0	0.56	0	15
76	77	3	3	0	0.81	1	15
77	78	2	3	0	0.94	0	15
78	79	2	2	0	0.51	1	15
79	80	3	1	0	0.33	1	15
80	81	1	2	0	0.42	0	15
81	82	1	3	1	0.69	0	15
82	83	2	3	0	0.72	0	15
83	84	1	1	0	0.12	0	15
84	85	3	2	0	0.55	1	15
85	86	1	1	0	0.21	0	15
86	87	3	2	0	0.47	1	15
87	88	3	1	0	0.12	1	15
88	89	2	1	0	0.17	1	15
89	90	1	2	1	0.64	0	15
90	91	1	1	0	0.05	0	15
91	92	1	3	1	0.85	0	15
92	93	1	1	0	0.29	0	15
93	94	1	3	1	0.77	1	15
94	95	3	1	0	0.17	1	15
95	96	2	3	0	0.78	1	15
96	97	2	2	0	0.43	1	15
97	98	3	3	0	0.65	1	15
98	99	3	3	0	0.73	0	15
99	100	2	1	0	0.3	0	15
100	101	1	3	1	0.9	0	15
101	102	3	1	0	0.26	1	15
102	103	1	2	0	0.48	0	15
103	104	2	1	0	0.08	0	15
104	105	3	3	0	0.9	1	15
105	106	2	2	0	0.6	1	15
106	107	2	2	0	0.35	0	15
107	108	3	2	0	0.6	1	15
0	1	1	2	1.0	0.53	0	16
1	2	2	1	1.0	0.13	0	16
2	3	2	3	1.0	0.91	1	16
3	4	3	1	1.0	0.15	1	16
4	5	1	2	1.0	0.61	0	16
5	6	3	1	1.0	0.31	1	16
6	7	3	3	1.0	0.79	1	16
7	8	1	1	1.0	0.1	0	16
8	9	3	2	1.0	0.58	1	16
9	10	3	2	1.0	0.36	1	16
10	11	1	3	1.0	0.82	0	16
11	12	3	1	1.0	0.22	1	16
12	13	3	3	1.0	0.87	0	16
13	14	1	2	1.0	0.45	0	16
14	15	2	3	1.0	0.7	0	16
15	16	1	1	1.0	0.27	0	16
16	17	2	2	1.0	0.4	0	16
17	18	1	1	1.0	0.18	0	16
18	19	1	3	1.0	0.74	0	16
19	20	3	2	1.0	0.52	1	16
20	21	1	1	1.0	0.34	0	16
21	22	3	3	1.0	0.7	1	16
22	23	2	2	1.0	0.65	0	16
23	24	2	2	1.0	0.49	1	16
24	25	2	2	1.0	0.57	0	16
25	26	2	1	1.0	0.22	1	16
26	27	1	2	1.0	0.4	1	16
27	28	2	1	1.0	0.27	1	16
28	29	1	3	1.0	0.88	0	16
29	30	3	1	1.0	0.09	1	16
30	31	3	2	1.0	0.44	1	16
31	32	3	3	1.0	0.95	1	16
32	33	2	3	1.0	0.75	1	16
33	34	2	1	1.0	0.06	1	16
34	35	2	3	1.0	0.83	0	16
35	36	1	3	1.0	0.66	0	16
36	37	3	3	1.0	0.84	1	16
37	38	1	3	1.0	0.93	0	16
38	39	3	1	1.0	0.2	1	16
39	40	3	2	1.0	0.41	1	16
40	41	1	2	1.0	0.59	0	16
41	42	1	3	1.0	0.85	0	16
42	43	3	3	1.0	0.92	1	16
43	44	2	3	1.0	0.8	0	16
44	45	1	2	1.0	0.37	0	16
45	46	1	3	1.0	0.8	1	16
46	47	2	2	1.0	0.62	0	16
47	48	2	1	1.0	0.11	1	16
48	49	3	2	1.0	0.5	1	16
49	50	3	2	1.0	0.63	1	16
50	51	2	3	1.0	0.89	0	16
51	52	1	3	1.0	0.71	0	16
52	53	2	1	1.0	0.19	1	16
53	54	2	2	1.0	0.46	0	16
54	55	3	1	1.0	0.07	0	16
55	56	3	2	1.0	0.55	1	16
56	57	2	3	1.0	0.67	1	16
57	58	2	1	1.0	0.25	0	16
58	59	3	1	1.0	0.28	1	16
59	60	1	1	1.0	0.32	0	16
60	61	3	3	1.0	0.68	1	16
61	62	1	1	1.0	0.07	0	16
62	63	2	2	1.0	0.54	1	16
63	64	2	3	1.0	0.75	1	16
64	65	1	1	1.0	0.23	0	16
65	66	1	2	1.0	0.5	0	16
66	67	3	1	1.0	0.14	1	16
67	68	2	1	1.0	0.32	0	16
68	69	1	2	1.0	0.45	0	16
69	70	2	2	1.0	0.38	1	16
70	71	3	3	1.0	0.76	1	16
71	72	1	1	1.0	0.16	0	16
72	73	3	2	1.0	0.39	1	16
73	74	2	1	1.0	0.24	1	16
74	75	2	3	1.0	0.86	0	16
75	76	1	2	1.0	0.56	0	16
76	77	3	3	1.0	0.81	1	16
77	78	2	3	1.0	0.94	0	16
78	79	2	2	1.0	0.51	1	16
79	80	3	1	1.0	0.33	1	16
80	81	1	2	1.0	0.42	0	16
81	82	1	3	1.0	0.69	0	16
82	83	2	3	1.0	0.72	0	16
83	84	1	1	1.0	0.12	0	16
84	85	3	2	1.0	0.55	1	16
85	86	1	1	1.0	0.21	0	16
86	87	3	2	1.0	0.47	1	16
87	88	3	1	1.0	0.12	1	16
88	89	2	1	1.0	0.17	1	16
89	90	1	2	1.0	0.64	0	16
90	91	1	1	1.0	0.05	0	16
91	92	1	3	1.0	0.85	0	16
92	93	1	1	1.0	0.29	0	16
93	94	1	3	1.0	0.77	1	16
94	95	3	1	1.0	0.17	1	16
95	96	2	3	1.0	0.78	1	16
96	97	2	2	1.0	0.43	1	16
97	98	3	3	1.0	0.65	1	16
98	99	3	3	1.0	0.73	0	16
99	100	2	1	1.0	0.3	0	16
100	101	1	3	1.0	0.9	0	16
101	102	3	1	1.0	0.26	1	16
102	103	1	2	1.0	0.48	0	16
103	104	2	1	1.0	0.08	0	16
104	105	3	3	1.0	0.9	1	16
105	106	2	2	1.0	0.6	1	16
107	108	3	2	1.0	0.6	1	16
0	1	1	2	0.0	0.53	0	17
1	2	2	1	0.0	0.13	0	17
2	3	2	3	1.0	0.91	1	17
3	4	3	1	0.0	0.15	1	17
4	5	1	2	1.0	0.61	0	17
5	6	3	1	0.0	0.31	1	17
6	7	3	3	0.0	0.79	1	17
7	8	1	1	1.0	0.1	0	17
8	9	3	2	0.0	0.58	1	17
9	10	3	2	0.0	0.36	1	17
10	11	1	3	1.0	0.82	0	17
11	12	3	1	0.0	0.22	1	17
12	13	3	3	0.0	0.87	0	17
13	14	1	2	1.0	0.45	0	17
14	15	2	3	0.0	0.7	0	17
15	16	1	1	1.0	0.27	0	17
16	17	2	2	1.0	0.4	0	17
17	18	1	1	1.0	0.18	0	17
18	19	1	3	1.0	0.74	0	17
19	20	3	2	0.0	0.52	1	17
20	21	1	1	1.0	0.34	0	17
21	22	3	3	0.0	0.7	1	17
22	23	2	2	0.0	0.65	0	17
23	24	2	2	1.0	0.49	1	17
24	25	2	2	0.0	0.57	0	17
25	26	2	1	1.0	0.22	1	17
26	27	1	2	1.0	0.4	1	17
27	28	2	1	0.0	0.27	1	17
28	29	1	3	1.0	0.88	0	17
29	30	3	1	0.0	0.09	1	17
30	31	3	2	0.0	0.44	1	17
31	32	3	3	0.0	0.95	1	17
32	33	2	3	1.0	0.75	1	17
33	34	2	1	0.0	0.06	1	17
34	35	2	3	1.0	0.83	0	17
35	36	1	3	1.0	0.66	0	17
36	37	3	3	0.0	0.84	1	17
38	39	3	1	0.0	0.2	1	17
39	40	3	2	0.0	0.41	1	17
40	41	1	2	0.0	0.59	0	17
41	42	1	3	1.0	0.85	0	17
42	43	3	3	0.0	0.92	1	17
43	44	2	3	1.0	0.8	0	17
44	45	1	2	1.0	0.37	0	17
45	46	1	3	1.0	0.8	1	17
46	47	2	2	1.0	0.62	0	17
47	48	2	1	1.0	0.11	1	17
48	49	3	2	1.0	0.5	1	17
49	50	3	2	1.0	0.63	1	17
50	51	2	3	1.0	0.89	0	17
51	52	1	3	1.0	0.71	0	17
52	53	2	1	0.0	0.19	1	17
53	54	2	2	0.0	0.46	0	17
54	55	3	1	0.0	0.07	0	17
55	56	3	2	0.0	0.55	1	17
56	57	2	3	1.0	0.67	1	17
57	58	2	1	1.0	0.25	0	17
58	59	3	1	0.0	0.28	1	17
59	60	1	1	1.0	0.32	0	17
60	61	3	3	1.0	0.68	1	17
61	62	1	1	1.0	0.07	0	17
62	63	2	2	1.0	0.54	1	17
63	64	2	3	1.0	0.75	1	17
64	65	1	1	1.0	0.23	0	17
65	66	1	2	1.0	0.5	0	17
66	67	3	1	1.0	0.14	1	17
67	68	2	1	1.0	0.32	0	17
69	70	2	2	1.0	0.38	1	17
70	71	3	3	1.0	0.76	1	17
71	72	1	1	1.0	0.16	0	17
72	73	3	2	1.0	0.39	1	17
73	74	2	1	1.0	0.24	1	17
74	75	2	3	1.0	0.86	0	17
75	76	1	2	1.0	0.56	0	17
76	77	3	3	1.0	0.81	1	17
77	78	2	3	1.0	0.94	0	17
78	79	2	2	1.0	0.51	1	17
79	80	3	1	1.0	0.33	1	17
80	81	1	2	1.0	0.42	0	17
81	82	1	3	1.0	0.69	0	17
82	83	2	3	1.0	0.72	0	17
83	84	1	1	0.0	0.12	0	17
84	85	3	2	1.0	0.55	1	17
85	86	1	1	1.0	0.21	0	17
87	88	3	1	0.0	0.12	1	17
88	89	2	1	1.0	0.17	1	17
89	90	1	2	1.0	0.64	0	17
90	91	1	1	1.0	0.05	0	17
91	92	1	3	1.0	0.85	0	17
92	93	1	1	1.0	0.29	0	17
93	94	1	3	1.0	0.77	1	17
94	95	3	1	1.0	0.17	1	17
95	96	2	3	1.0	0.78	1	17
96	97	2	2	1.0	0.43	1	17
97	98	3	3	1.0	0.65	1	17
98	99	3	3	1.0	0.73	0	17
99	100	2	1	1.0	0.3	0	17
101	102	3	1	0.0	0.26	1	17
102	103	1	2	1.0	0.48	0	17
103	104	2	1	0.0	0.08	0	17
104	105	3	3	0.0	0.9	1	17
105	106	2	2	0.0	0.6	1	17
106	107	2	2	0.0	0.35	0	17
107	108	3	2	1.0	0.6	1	17
0	1	1	2	1.0	0.53	0	18
1	2	2	1	1.0	0.13	0	18
2	3	2	3	1.0	0.91	1	18
3	4	3	1	1.0	0.15	1	18
4	5	1	2	1.0	0.61	0	18
5	6	3	1	1.0	0.31	1	18
6	7	3	3	1.0	0.79	1	18
7	8	1	1	1.0	0.1	0	18
8	9	3	2	1.0	0.58	1	18
9	10	3	2	1.0	0.36	1	18
10	11	1	3	1.0	0.82	0	18
11	12	3	1	1.0	0.22	1	18
12	13	3	3	1.0	0.87	0	18
13	14	1	2	1.0	0.45	0	18
14	15	2	3	1.0	0.7	0	18
15	16	1	1	1.0	0.27	0	18
16	17	2	2	1.0	0.4	0	18
17	18	1	1	1.0	0.18	0	18
18	19	1	3	1.0	0.74	0	18
19	20	3	2	1.0	0.52	1	18
20	21	1	1	1.0	0.34	0	18
21	22	3	3	1.0	0.7	1	18
22	23	2	2	1.0	0.65	0	18
23	24	2	2	1.0	0.49	1	18
24	25	2	2	1.0	0.57	0	18
25	26	2	1	1.0	0.22	1	18
26	27	1	2	1.0	0.4	1	18
27	28	2	1	1.0	0.27	1	18
28	29	1	3	1.0	0.88	0	18
29	30	3	1	0.0	0.09	1	18
30	31	3	2	1.0	0.44	1	18
31	32	3	3	1.0	0.95	1	18
32	33	2	3	1.0	0.75	1	18
33	34	2	1	1.0	0.06	1	18
34	35	2	3	1.0	0.83	0	18
35	36	1	3	1.0	0.66	0	18
36	37	3	3	1.0	0.84	1	18
37	38	1	3	1.0	0.93	0	18
39	40	3	2	1.0	0.41	1	18
40	41	1	2	1.0	0.59	0	18
41	42	1	3	1.0	0.85	0	18
42	43	3	3	1.0	0.92	1	18
43	44	2	3	1.0	0.8	0	18
44	45	1	2	1.0	0.37	0	18
45	46	1	3	1.0	0.8	1	18
46	47	2	2	1.0	0.62	0	18
47	48	2	1	1.0	0.11	1	18
48	49	3	2	1.0	0.5	1	18
51	52	1	3	1.0	0.71	0	18
52	53	2	1	1.0	0.19	1	18
53	54	2	2	1.0	0.46	0	18
54	55	3	1	1.0	0.07	0	18
55	56	3	2	1.0	0.55	1	18
56	57	2	3	1.0	0.67	1	18
57	58	2	1	1.0	0.25	0	18
58	59	3	1	1.0	0.28	1	18
59	60	1	1	1.0	0.32	0	18
60	61	3	3	1.0	0.68	1	18
63	64	2	3	1.0	0.75	1	18
64	65	1	1	1.0	0.23	0	18
65	66	1	2	1.0	0.5	0	18
66	67	3	1	1.0	0.14	1	18
67	68	2	1	1.0	0.32	0	18
69	70	2	2	1.0	0.38	1	18
71	72	1	1	1.0	0.16	0	18
72	73	3	2	1.0	0.39	1	18
74	75	2	3	1.0	0.86	0	18
75	76	1	2	1.0	0.56	0	18
76	77	3	3	1.0	0.81	1	18
77	78	2	3	1.0	0.94	0	18
85	86	1	1	1.0	0.21	0	18
86	87	3	2	1.0	0.47	1	18
87	88	3	1	0.0	0.12	1	18
90	91	1	1	1.0	0.05	0	18
94	95	3	1	1.0	0.17	1	18
95	96	2	3	1.0	0.78	1	18
96	97	2	2	1.0	0.43	1	18
98	99	3	3	1.0	0.73	0	18
102	103	1	2	1.0	0.48	0	18
103	104	2	1	1.0	0.08	0	18
104	105	3	3	1.0	0.9	1	18
105	106	2	2	1.0	0.6	1	18
106	107	2	2	1.0	0.35	0	18
0	1	1	2	1	0.53	0	19
1	2	2	1	1	0.13	0	19
2	3	2	3	1	0.91	1	19
3	4	3	1	1	0.15	1	19
4	5	1	2	1	0.61	0	19
5	6	3	1	1	0.31	1	19
6	7	3	3	1	0.79	1	19
7	8	1	1	1	0.1	0	19
8	9	3	2	1	0.58	1	19
9	10	3	2	1	0.36	1	19
10	11	1	3	1	0.82	0	19
11	12	3	1	1	0.22	1	19
12	13	3	3	1	0.87	0	19
13	14	1	2	1	0.45	0	19
14	15	2	3	1	0.7	0	19
15	16	1	1	1	0.27	0	19
16	17	2	2	1	0.4	0	19
17	18	1	1	1	0.18	0	19
18	19	1	3	1	0.74	0	19
19	20	3	2	1	0.52	1	19
20	21	1	1	1	0.34	0	19
21	22	3	3	1	0.7	1	19
22	23	2	2	1	0.65	0	19
23	24	2	2	1	0.49	1	19
24	25	2	2	1	0.57	0	19
25	26	2	1	1	0.22	1	19
26	27	1	2	1	0.4	1	19
27	28	2	1	1	0.27	1	19
28	29	1	3	1	0.88	0	19
29	30	3	1	0	0.09	1	19
30	31	3	2	1	0.44	1	19
31	32	3	3	1	0.95	1	19
32	33	2	3	1	0.75	1	19
33	34	2	1	0	0.06	1	19
34	35	2	3	1	0.83	0	19
35	36	1	3	1	0.66	0	19
36	37	3	3	1	0.84	1	19
37	38	1	3	1	0.93	0	19
38	39	3	1	1	0.2	1	19
39	40	3	2	1	0.41	1	19
40	41	1	2	1	0.59	0	19
41	42	1	3	1	0.85	0	19
42	43	3	3	1	0.92	1	19
43	44	2	3	1	0.8	0	19
44	45	1	2	1	0.37	0	19
45	46	1	3	1	0.8	1	19
46	47	2	2	1	0.62	0	19
47	48	2	1	1	0.11	1	19
48	49	3	2	1	0.5	1	19
49	50	3	2	1	0.63	1	19
50	51	2	3	1	0.89	0	19
51	52	1	3	1	0.71	0	19
52	53	2	1	1	0.19	1	19
53	54	2	2	1	0.46	0	19
54	55	3	1	0	0.07	0	19
55	56	3	2	1	0.55	1	19
56	57	2	3	1	0.67	1	19
57	58	2	1	1	0.25	0	19
58	59	3	1	1	0.28	1	19
59	60	1	1	1	0.32	0	19
60	61	3	3	1	0.68	1	19
61	62	1	1	1	0.07	0	19
62	63	2	2	1	0.54	1	19
63	64	2	3	1	0.75	1	19
64	65	1	1	1	0.23	0	19
65	66	1	2	1	0.5	0	19
66	67	3	1	0	0.14	1	19
67	68	2	1	1	0.32	0	19
68	69	1	2	1	0.45	0	19
69	70	2	2	1	0.38	1	19
70	71	3	3	1	0.76	1	19
71	72	1	1	1	0.16	0	19
72	73	3	2	1	0.39	1	19
73	74	2	1	1	0.24	1	19
74	75	2	3	1	0.86	0	19
75	76	1	2	1	0.56	0	19
76	77	3	3	1	0.81	1	19
77	78	2	3	1	0.94	0	19
78	79	2	2	1	0.51	1	19
79	80	3	1	1	0.33	1	19
80	81	1	2	1	0.42	0	19
81	82	1	3	1	0.69	0	19
82	83	2	3	1	0.72	0	19
83	84	1	1	1	0.12	0	19
84	85	3	2	1	0.55	1	19
85	86	1	1	1	0.21	0	19
86	87	3	2	1	0.47	1	19
87	88	3	1	0	0.12	1	19
88	89	2	1	1	0.17	1	19
89	90	1	2	1	0.64	0	19
90	91	1	1	1	0.05	0	19
91	92	1	3	1	0.85	0	19
92	93	1	1	1	0.29	0	19
93	94	1	3	1	0.77	1	19
94	95	3	1	0	0.17	1	19
95	96	2	3	1	0.78	1	19
96	97	2	2	1	0.43	1	19
97	98	3	3	1	0.65	1	19
98	99	3	3	1	0.73	0	19
99	100	2	1	1	0.3	0	19
100	101	1	3	1	0.9	0	19
101	102	3	1	1	0.26	1	19
102	103	1	2	1	0.48	0	19
103	104	2	1	0	0.08	0	19
104	105	3	3	1	0.9	1	19
105	106	2	2	1	0.6	1	19
106	107	2	2	1	0.35	0	19
107	108	3	2	1	0.6	1	19
0	1	1	2	1	0.53	0	20
1	2	2	1	1	0.13	0	20
2	3	2	3	1	0.91	1	20
3	4	3	1	1	0.15	1	20
4	5	1	2	1	0.61	0	20
5	6	3	1	1	0.31	1	20
6	7	3	3	1	0.79	1	20
7	8	1	1	1	0.1	0	20
8	9	3	2	1	0.58	1	20
9	10	3	2	1	0.36	1	20
10	11	1	3	1	0.82	0	20
11	12	3	1	1	0.22	1	20
12	13	3	3	1	0.87	0	20
13	14	1	2	1	0.45	0	20
14	15	2	3	1	0.7	0	20
15	16	1	1	1	0.27	0	20
16	17	2	2	1	0.4	0	20
17	18	1	1	1	0.18	0	20
18	19	1	3	1	0.74	0	20
19	20	3	2	1	0.52	1	20
20	21	1	1	1	0.34	0	20
21	22	3	3	1	0.7	1	20
22	23	2	2	1	0.65	0	20
23	24	2	2	1	0.49	1	20
24	25	2	2	1	0.57	0	20
25	26	2	1	1	0.22	1	20
26	27	1	2	1	0.4	1	20
27	28	2	1	1	0.27	1	20
28	29	1	3	1	0.88	0	20
29	30	3	1	1	0.09	1	20
30	31	3	2	1	0.44	1	20
31	32	3	3	1	0.95	1	20
32	33	2	3	1	0.75	1	20
33	34	2	1	1	0.06	1	20
34	35	2	3	1	0.83	0	20
35	36	1	3	1	0.66	0	20
36	37	3	3	1	0.84	1	20
37	38	1	3	1	0.93	0	20
38	39	3	1	1	0.2	1	20
39	40	3	2	1	0.41	1	20
40	41	1	2	1	0.59	0	20
41	42	1	3	1	0.85	0	20
42	43	3	3	1	0.92	1	20
43	44	2	3	1	0.8	0	20
44	45	1	2	1	0.37	0	20
45	46	1	3	1	0.8	1	20
46	47	2	2	1	0.62	0	20
47	48	2	1	1	0.11	1	20
48	49	3	2	1	0.5	1	20
49	50	3	2	1	0.63	1	20
50	51	2	3	1	0.89	0	20
51	52	1	3	1	0.71	0	20
52	53	2	1	1	0.19	1	20
53	54	2	2	1	0.46	0	20
54	55	3	1	1	0.07	0	20
55	56	3	2	1	0.55	1	20
56	57	2	3	1	0.67	1	20
57	58	2	1	1	0.25	0	20
58	59	3	1	1	0.28	1	20
59	60	1	1	1	0.32	0	20
60	61	3	3	1	0.68	1	20
61	62	1	1	1	0.07	0	20
62	63	2	2	1	0.54	1	20
63	64	2	3	1	0.75	1	20
64	65	1	1	1	0.23	0	20
65	66	1	2	1	0.5	0	20
66	67	3	1	1	0.14	1	20
67	68	2	1	1	0.32	0	20
68	69	1	2	1	0.45	0	20
69	70	2	2	1	0.38	1	20
70	71	3	3	1	0.76	1	20
71	72	1	1	1	0.16	0	20
72	73	3	2	1	0.39	1	20
73	74	2	1	1	0.24	1	20
74	75	2	3	1	0.86	0	20
75	76	1	2	1	0.56	0	20
76	77	3	3	1	0.81	1	20
77	78	2	3	1	0.94	0	20
78	79	2	2	1	0.51	1	20
79	80	3	1	1	0.33	1	20
80	81	1	2	1	0.42	0	20
81	82	1	3	1	0.69	0	20
82	83	2	3	1	0.72	0	20
83	84	1	1	1	0.12	0	20
84	85	3	2	1	0.55	1	20
85	86	1	1	1	0.21	0	20
86	87	3	2	1	0.47	1	20
87	88	3	1	1	0.12	1	20
88	89	2	1	1	0.17	1	20
89	90	1	2	1	0.64	0	20
90	91	1	1	1	0.05	0	20
91	92	1	3	1	0.85	0	20
92	93	1	1	1	0.29	0	20
93	94	1	3	1	0.77	1	20
94	95	3	1	1	0.17	1	20
95	96	2	3	1	0.78	1	20
96	97	2	2	1	0.43	1	20
97	98	3	3	1	0.65	1	20
98	99	3	3	1	0.73	0	20
99	100	2	1	1	0.3	0	20
100	101	1	3	1	0.9	0	20
101	102	3	1	1	0.26	1	20
102	103	1	2	1	0.48	0	20
103	104	2	1	1	0.08	0	20
104	105	3	3	1	0.9	1	20
105	106	2	2	1	0.6	1	20
106	107	2	2	1	0.35	0	20
107	108	3	2	1	0.6	1	20
0	1	1	2	1.0	0.53	0	21
1	2	2	1	0.0	0.13	0	21
2	3	2	3	1.0	0.91	1	21
3	4	3	1	0.0	0.15	1	21
4	5	1	2	1.0	0.61	0	21
5	6	3	1	1.0	0.31	1	21
6	7	3	3	1.0	0.79	1	21
7	8	1	1	1.0	0.1	0	21
8	9	3	2	1.0	0.58	1	21
9	10	3	2	0.0	0.36	1	21
10	11	1	3	1.0	0.82	0	21
11	12	3	1	0.0	0.22	1	21
12	13	3	3	1.0	0.87	0	21
13	14	1	2	1.0	0.45	0	21
14	15	2	3	1.0	0.7	0	21
15	16	1	1	1.0	0.27	0	21
16	17	2	2	1.0	0.4	0	21
17	18	1	1	1.0	0.18	0	21
18	19	1	3	1.0	0.74	0	21
19	20	3	2	1.0	0.52	1	21
20	21	1	1	1.0	0.34	0	21
21	22	3	3	1.0	0.7	1	21
22	23	2	2	1.0	0.65	0	21
23	24	2	2	1.0	0.49	1	21
24	25	2	2	1.0	0.57	0	21
25	26	2	1	1.0	0.22	1	21
26	27	1	2	1.0	0.4	1	21
27	28	2	1	1.0	0.27	1	21
28	29	1	3	1.0	0.88	0	21
29	30	3	1	0.0	0.09	1	21
30	31	3	2	1.0	0.44	1	21
31	32	3	3	1.0	0.95	1	21
32	33	2	3	1.0	0.75	1	21
33	34	2	1	1.0	0.06	1	21
34	35	2	3	1.0	0.83	0	21
35	36	1	3	1.0	0.66	0	21
36	37	3	3	1.0	0.84	1	21
37	38	1	3	1.0	0.93	0	21
38	39	3	1	1.0	0.2	1	21
39	40	3	2	1.0	0.41	1	21
40	41	1	2	1.0	0.59	0	21
41	42	1	3	1.0	0.85	0	21
42	43	3	3	1.0	0.92	1	21
43	44	2	3	1.0	0.8	0	21
44	45	1	2	1.0	0.37	0	21
45	46	1	3	1.0	0.8	1	21
46	47	2	2	1.0	0.62	0	21
47	48	2	1	0.0	0.11	1	21
48	49	3	2	1.0	0.5	1	21
49	50	3	2	1.0	0.63	1	21
50	51	2	3	1.0	0.89	0	21
51	52	1	3	1.0	0.71	0	21
52	53	2	1	1.0	0.19	1	21
53	54	2	2	1.0	0.46	0	21
54	55	3	1	0.0	0.07	0	21
55	56	3	2	1.0	0.55	1	21
56	57	2	3	1.0	0.67	1	21
57	58	2	1	1.0	0.25	0	21
58	59	3	1	1.0	0.28	1	21
59	60	1	1	1.0	0.32	0	21
60	61	3	3	1.0	0.68	1	21
61	62	1	1	1.0	0.07	0	21
62	63	2	2	1.0	0.54	1	21
63	64	2	3	1.0	0.75	1	21
64	65	1	1	1.0	0.23	0	21
65	66	1	2	1.0	0.5	0	21
66	67	3	1	1.0	0.14	1	21
67	68	2	1	1.0	0.32	0	21
68	69	1	2	1.0	0.45	0	21
69	70	2	2	1.0	0.38	1	21
70	71	3	3	1.0	0.76	1	21
71	72	1	1	1.0	0.16	0	21
72	73	3	2	1.0	0.39	1	21
73	74	2	1	1.0	0.24	1	21
74	75	2	3	1.0	0.86	0	21
75	76	1	2	1.0	0.56	0	21
76	77	3	3	1.0	0.81	1	21
77	78	2	3	1.0	0.94	0	21
78	79	2	2	1.0	0.51	1	21
79	80	3	1	1.0	0.33	1	21
80	81	1	2	1.0	0.42	0	21
82	83	2	3	1.0	0.72	0	21
83	84	1	1	1.0	0.12	0	21
84	85	3	2	1.0	0.55	1	21
85	86	1	1	1.0	0.21	0	21
86	87	3	2	1.0	0.47	1	21
87	88	3	1	1.0	0.12	1	21
88	89	2	1	1.0	0.17	1	21
89	90	1	2	1.0	0.64	0	21
90	91	1	1	1.0	0.05	0	21
91	92	1	3	1.0	0.85	0	21
92	93	1	1	1.0	0.29	0	21
93	94	1	3	1.0	0.77	1	21
94	95	3	1	1.0	0.17	1	21
95	96	2	3	1.0	0.78	1	21
96	97	2	2	1.0	0.43	1	21
97	98	3	3	1.0	0.65	1	21
98	99	3	3	1.0	0.73	0	21
99	100	2	1	1.0	0.3	0	21
100	101	1	3	1.0	0.9	0	21
101	102	3	1	1.0	0.26	1	21
102	103	1	2	1.0	0.48	0	21
103	104	2	1	1.0	0.08	0	21
104	105	3	3	1.0	0.9	1	21
105	106	2	2	1.0	0.6	1	21
106	107	2	2	1.0	0.35	0	21
107	108	3	2	1.0	0.6	1	21
0	1	1	2	1	0.53	0	22
1	2	2	1	1	0.13	0	22
2	3	2	3	1	0.91	1	22
3	4	3	1	0	0.15	1	22
4	5	1	2	1	0.61	0	22
5	6	3	1	1	0.31	1	22
6	7	3	3	1	0.79	1	22
7	8	1	1	1	0.1	0	22
8	9	3	2	1	0.58	1	22
9	10	3	2	0	0.36	1	22
10	11	1	3	1	0.82	0	22
11	12	3	1	0	0.22	1	22
12	13	3	3	1	0.87	0	22
13	14	1	2	1	0.45	0	22
14	15	2	3	1	0.7	0	22
15	16	1	1	1	0.27	0	22
16	17	2	2	1	0.4	0	22
17	18	1	1	1	0.18	0	22
18	19	1	3	1	0.74	0	22
19	20	3	2	1	0.52	1	22
20	21	1	1	1	0.34	0	22
21	22	3	3	1	0.7	1	22
22	23	2	2	1	0.65	0	22
23	24	2	2	1	0.49	1	22
24	25	2	2	1	0.57	0	22
25	26	2	1	1	0.22	1	22
26	27	1	2	1	0.4	1	22
27	28	2	1	0	0.27	1	22
28	29	1	3	1	0.88	0	22
29	30	3	1	0	0.09	1	22
30	31	3	2	1	0.44	1	22
31	32	3	3	1	0.95	1	22
32	33	2	3	1	0.75	1	22
33	34	2	1	0	0.06	1	22
34	35	2	3	1	0.83	0	22
35	36	1	3	1	0.66	0	22
36	37	3	3	1	0.84	1	22
37	38	1	3	1	0.93	0	22
38	39	3	1	0	0.2	1	22
39	40	3	2	1	0.41	1	22
40	41	1	2	1	0.59	0	22
41	42	1	3	1	0.85	0	22
42	43	3	3	1	0.92	1	22
43	44	2	3	1	0.8	0	22
44	45	1	2	1	0.37	0	22
45	46	1	3	1	0.8	1	22
46	47	2	2	1	0.62	0	22
47	48	2	1	0	0.11	1	22
48	49	3	2	1	0.5	1	22
49	50	3	2	1	0.63	1	22
50	51	2	3	1	0.89	0	22
51	52	1	3	1	0.71	0	22
52	53	2	1	0	0.19	1	22
53	54	2	2	1	0.46	0	22
54	55	3	1	0	0.07	0	22
55	56	3	2	1	0.55	1	22
56	57	2	3	1	0.67	1	22
57	58	2	1	1	0.25	0	22
58	59	3	1	0	0.28	1	22
59	60	1	1	1	0.32	0	22
60	61	3	3	1	0.68	1	22
61	62	1	1	1	0.07	0	22
62	63	2	2	1	0.54	1	22
63	64	2	3	1	0.75	1	22
64	65	1	1	1	0.23	0	22
65	66	1	2	1	0.5	0	22
66	67	3	1	0	0.14	1	22
67	68	2	1	1	0.32	0	22
68	69	1	2	1	0.45	0	22
69	70	2	2	1	0.38	1	22
70	71	3	3	1	0.76	1	22
71	72	1	1	1	0.16	0	22
72	73	3	2	1	0.39	1	22
73	74	2	1	0	0.24	1	22
74	75	2	3	1	0.86	0	22
75	76	1	2	1	0.56	0	22
76	77	3	3	1	0.81	1	22
77	78	2	3	1	0.94	0	22
78	79	2	2	1	0.51	1	22
79	80	3	1	0	0.33	1	22
80	81	1	2	1	0.42	0	22
81	82	1	3	1	0.69	0	22
82	83	2	3	1	0.72	0	22
83	84	1	1	1	0.12	0	22
84	85	3	2	1	0.55	1	22
85	86	1	1	1	0.21	0	22
86	87	3	2	1	0.47	1	22
87	88	3	1	0	0.12	1	22
88	89	2	1	0	0.17	1	22
89	90	1	2	1	0.64	0	22
90	91	1	1	1	0.05	0	22
91	92	1	3	1	0.85	0	22
92	93	1	1	1	0.29	0	22
93	94	1	3	1	0.77	1	22
94	95	3	1	0	0.17	1	22
95	96	2	3	1	0.78	1	22
96	97	2	2	1	0.43	1	22
97	98	3	3	1	0.65	1	22
98	99	3	3	1	0.73	0	22
99	100	2	1	1	0.3	0	22
100	101	1	3	1	0.9	0	22
101	102	3	1	0	0.26	1	22
102	103	1	2	1	0.48	0	22
103	104	2	1	0	0.08	0	22
104	105	3	3	1	0.9	1	22
105	106	2	2	1	0.6	1	22
106	107	2	2	1	0.35	0	22
107	108	3	2	1	0.6	1	22
0	1	1	2	1.0	0.53	0	23
1	2	2	1	0.0	0.13	0	23
2	3	2	3	1.0	0.91	1	23
3	4	3	1	0.0	0.15	1	23
4	5	1	2	1.0	0.61	0	23
5	6	3	1	1.0	0.31	1	23
6	7	3	3	1.0	0.79	1	23
7	8	1	1	1.0	0.1	0	23
8	9	3	2	1.0	0.58	1	23
9	10	3	2	1.0	0.36	1	23
10	11	1	3	1.0	0.82	0	23
11	12	3	1	0.0	0.22	1	23
12	13	3	3	1.0	0.87	0	23
13	14	1	2	1.0	0.45	0	23
14	15	2	3	1.0	0.7	0	23
15	16	1	1	1.0	0.27	0	23
16	17	2	2	1.0	0.4	0	23
17	18	1	1	1.0	0.18	0	23
18	19	1	3	1.0	0.74	0	23
19	20	3	2	1.0	0.52	1	23
20	21	1	1	1.0	0.34	0	23
21	22	3	3	1.0	0.7	1	23
22	23	2	2	1.0	0.65	0	23
23	24	2	2	1.0	0.49	1	23
24	25	2	2	1.0	0.57	0	23
25	26	2	1	1.0	0.22	1	23
26	27	1	2	1.0	0.4	1	23
27	28	2	1	1.0	0.27	1	23
28	29	1	3	1.0	0.88	0	23
29	30	3	1	0.0	0.09	1	23
30	31	3	2	1.0	0.44	1	23
31	32	3	3	1.0	0.95	1	23
32	33	2	3	1.0	0.75	1	23
33	34	2	1	0.0	0.06	1	23
34	35	2	3	1.0	0.83	0	23
35	36	1	3	1.0	0.66	0	23
36	37	3	3	1.0	0.84	1	23
37	38	1	3	1.0	0.93	0	23
38	39	3	1	0.0	0.2	1	23
39	40	3	2	1.0	0.41	1	23
40	41	1	2	1.0	0.59	0	23
41	42	1	3	1.0	0.85	0	23
42	43	3	3	1.0	0.92	1	23
43	44	2	3	1.0	0.8	0	23
44	45	1	2	1.0	0.37	0	23
45	46	1	3	1.0	0.8	1	23
46	47	2	2	1.0	0.62	0	23
47	48	2	1	1.0	0.11	1	23
48	49	3	2	1.0	0.5	1	23
49	50	3	2	1.0	0.63	1	23
50	51	2	3	1.0	0.89	0	23
51	52	1	3	1.0	0.71	0	23
52	53	2	1	1.0	0.19	1	23
53	54	2	2	1.0	0.46	0	23
54	55	3	1	0.0	0.07	0	23
55	56	3	2	1.0	0.55	1	23
56	57	2	3	1.0	0.67	1	23
57	58	2	1	1.0	0.25	0	23
58	59	3	1	1.0	0.28	1	23
59	60	1	1	1.0	0.32	0	23
60	61	3	3	1.0	0.68	1	23
61	62	1	1	1.0	0.07	0	23
62	63	2	2	1.0	0.54	1	23
63	64	2	3	1.0	0.75	1	23
64	65	1	1	1.0	0.23	0	23
65	66	1	2	1.0	0.5	0	23
66	67	3	1	0.0	0.14	1	23
67	68	2	1	1.0	0.32	0	23
69	70	2	2	1.0	0.38	1	23
70	71	3	3	1.0	0.76	1	23
71	72	1	1	1.0	0.16	0	23
72	73	3	2	1.0	0.39	1	23
73	74	2	1	1.0	0.24	1	23
74	75	2	3	1.0	0.86	0	23
75	76	1	2	1.0	0.56	0	23
76	77	3	3	1.0	0.81	1	23
77	78	2	3	1.0	0.94	0	23
78	79	2	2	1.0	0.51	1	23
79	80	3	1	1.0	0.33	1	23
80	81	1	2	1.0	0.42	0	23
81	82	1	3	1.0	0.69	0	23
82	83	2	3	1.0	0.72	0	23
83	84	1	1	1.0	0.12	0	23
84	85	3	2	1.0	0.55	1	23
85	86	1	1	1.0	0.21	0	23
86	87	3	2	1.0	0.47	1	23
87	88	3	1	0.0	0.12	1	23
88	89	2	1	0.0	0.17	1	23
89	90	1	2	1.0	0.64	0	23
90	91	1	1	1.0	0.05	0	23
91	92	1	3	1.0	0.85	0	23
92	93	1	1	1.0	0.29	0	23
93	94	1	3	1.0	0.77	1	23
94	95	3	1	0.0	0.17	1	23
95	96	2	3	1.0	0.78	1	23
96	97	2	2	1.0	0.43	1	23
97	98	3	3	1.0	0.65	1	23
98	99	3	3	1.0	0.73	0	23
99	100	2	1	1.0	0.3	0	23
100	101	1	3	1.0	0.9	0	23
101	102	3	1	1.0	0.26	1	23
102	103	1	2	1.0	0.48	0	23
103	104	2	1	0.0	0.08	0	23
104	105	3	3	1.0	0.9	1	23
105	106	2	2	1.0	0.6	1	23
106	107	2	2	1.0	0.35	0	23
107	108	3	2	1.0	0.6	1	23
0	1	1	2	1.0	0.53	0	24
1	2	2	1	1.0	0.13	0	24
2	3	2	3	1.0	0.91	1	24
3	4	3	1	1.0	0.15	1	24
4	5	1	2	1.0	0.61	0	24
5	6	3	1	1.0	0.31	1	24
6	7	3	3	1.0	0.79	1	24
7	8	1	1	1.0	0.1	0	24
8	9	3	2	1.0	0.58	1	24
9	10	3	2	1.0	0.36	1	24
10	11	1	3	1.0	0.82	0	24
11	12	3	1	1.0	0.22	1	24
12	13	3	3	1.0	0.87	0	24
13	14	1	2	1.0	0.45	0	24
14	15	2	3	1.0	0.7	0	24
15	16	1	1	1.0	0.27	0	24
16	17	2	2	1.0	0.4	0	24
17	18	1	1	1.0	0.18	0	24
18	19	1	3	1.0	0.74	0	24
19	20	3	2	1.0	0.52	1	24
20	21	1	1	1.0	0.34	0	24
21	22	3	3	1.0	0.7	1	24
22	23	2	2	1.0	0.65	0	24
23	24	2	2	1.0	0.49	1	24
24	25	2	2	1.0	0.57	0	24
25	26	2	1	1.0	0.22	1	24
26	27	1	2	1.0	0.4	1	24
27	28	2	1	1.0	0.27	1	24
28	29	1	3	1.0	0.88	0	24
29	30	3	1	1.0	0.09	1	24
30	31	3	2	1.0	0.44	1	24
31	32	3	3	1.0	0.95	1	24
32	33	2	3	1.0	0.75	1	24
33	34	2	1	1.0	0.06	1	24
34	35	2	3	1.0	0.83	0	24
35	36	1	3	1.0	0.66	0	24
36	37	3	3	1.0	0.84	1	24
37	38	1	3	1.0	0.93	0	24
38	39	3	1	1.0	0.2	1	24
39	40	3	2	1.0	0.41	1	24
40	41	1	2	1.0	0.59	0	24
41	42	1	3	1.0	0.85	0	24
42	43	3	3	1.0	0.92	1	24
43	44	2	3	1.0	0.8	0	24
44	45	1	2	1.0	0.37	0	24
46	47	2	2	1.0	0.62	0	24
47	48	2	1	1.0	0.11	1	24
48	49	3	2	1.0	0.5	1	24
49	50	3	2	1.0	0.63	1	24
50	51	2	3	1.0	0.89	0	24
51	52	1	3	1.0	0.71	0	24
52	53	2	1	1.0	0.19	1	24
53	54	2	2	1.0	0.46	0	24
54	55	3	1	1.0	0.07	0	24
55	56	3	2	1.0	0.55	1	24
56	57	2	3	1.0	0.67	1	24
57	58	2	1	1.0	0.25	0	24
58	59	3	1	1.0	0.28	1	24
59	60	1	1	1.0	0.32	0	24
60	61	3	3	1.0	0.68	1	24
61	62	1	1	1.0	0.07	0	24
62	63	2	2	1.0	0.54	1	24
63	64	2	3	1.0	0.75	1	24
64	65	1	1	1.0	0.23	0	24
65	66	1	2	1.0	0.5	0	24
66	67	3	1	1.0	0.14	1	24
67	68	2	1	1.0	0.32	0	24
68	69	1	2	1.0	0.45	0	24
69	70	2	2	1.0	0.38	1	24
70	71	3	3	1.0	0.76	1	24
71	72	1	1	1.0	0.16	0	24
72	73	3	2	1.0	0.39	1	24
73	74	2	1	1.0	0.24	1	24
74	75	2	3	1.0	0.86	0	24
75	76	1	2	1.0	0.56	0	24
76	77	3	3	1.0	0.81	1	24
77	78	2	3	1.0	0.94	0	24
78	79	2	2	1.0	0.51	1	24
79	80	3	1	1.0	0.33	1	24
80	81	1	2	1.0	0.42	0	24
81	82	1	3	1.0	0.69	0	24
82	83	2	3	1.0	0.72	0	24
83	84	1	1	1.0	0.12	0	24
84	85	3	2	1.0	0.55	1	24
85	86	1	1	1.0	0.21	0	24
86	87	3	2	1.0	0.47	1	24
87	88	3	1	1.0	0.12	1	24
88	89	2	1	1.0	0.17	1	24
89	90	1	2	1.0	0.64	0	24
90	91	1	1	1.0	0.05	0	24
91	92	1	3	1.0	0.85	0	24
92	93	1	1	1.0	0.29	0	24
93	94	1	3	1.0	0.77	1	24
94	95	3	1	1.0	0.17	1	24
95	96	2	3	1.0	0.78	1	24
96	97	2	2	1.0	0.43	1	24
97	98	3	3	1.0	0.65	1	24
98	99	3	3	1.0	0.73	0	24
99	100	2	1	1.0	0.3	0	24
100	101	1	3	1.0	0.9	0	24
101	102	3	1	1.0	0.26	1	24
102	103	1	2	1.0	0.48	0	24
103	104	2	1	1.0	0.08	0	24
104	105	3	3	1.0	0.9	1	24
105	106	2	2	1.0	0.6	1	24
106	107	2	2	1.0	0.35	0	24
107	108	3	2	1.0	0.6	1	24
0	1	1	2	1.0	0.53	0	25
1	2	2	1	0.0	0.13	0	25
2	3	2	3	0.0	0.91	1	25
3	4	3	1	0.0	0.15	1	25
4	5	1	2	0.0	0.61	0	25
5	6	3	1	0.0	0.31	1	25
6	7	3	3	0.0	0.79	1	25
7	8	1	1	0.0	0.1	0	25
8	9	3	2	0.0	0.58	1	25
9	10	3	2	0.0	0.36	1	25
10	11	1	3	1.0	0.82	0	25
11	12	3	1	0.0	0.22	1	25
12	13	3	3	0.0	0.87	0	25
13	14	1	2	1.0	0.45	0	25
14	15	2	3	1.0	0.7	0	25
15	16	1	1	0.0	0.27	0	25
16	17	2	2	0.0	0.4	0	25
17	18	1	1	0.0	0.18	0	25
18	19	1	3	1.0	0.74	0	25
19	20	3	2	0.0	0.52	1	25
20	21	1	1	0.0	0.34	0	25
21	22	3	3	0.0	0.7	1	25
22	23	2	2	1.0	0.65	0	25
23	24	2	2	0.0	0.49	1	25
24	25	2	2	1.0	0.57	0	25
25	26	2	1	0.0	0.22	1	25
26	27	1	2	0.0	0.4	1	25
27	28	2	1	0.0	0.27	1	25
28	29	1	3	1.0	0.88	0	25
29	30	3	1	0.0	0.09	1	25
30	31	3	2	0.0	0.44	1	25
31	32	3	3	1.0	0.95	1	25
32	33	2	3	1.0	0.75	1	25
33	34	2	1	0.0	0.06	1	25
34	35	2	3	1.0	0.83	0	25
35	36	1	3	1.0	0.66	0	25
36	37	3	3	1.0	0.84	1	25
37	38	1	3	1.0	0.93	0	25
38	39	3	1	0.0	0.2	1	25
39	40	3	2	0.0	0.41	1	25
40	41	1	2	1.0	0.59	0	25
41	42	1	3	1.0	0.85	0	25
42	43	3	3	1.0	0.92	1	25
43	44	2	3	1.0	0.8	0	25
44	45	1	2	0.0	0.37	0	25
45	46	1	3	1.0	0.8	1	25
46	47	2	2	1.0	0.62	0	25
47	48	2	1	0.0	0.11	1	25
48	49	3	2	1.0	0.5	1	25
49	50	3	2	1.0	0.63	1	25
50	51	2	3	1.0	0.89	0	25
51	52	1	3	1.0	0.71	0	25
52	53	2	1	0.0	0.19	1	25
53	54	2	2	0.0	0.46	0	25
54	55	3	1	0.0	0.07	0	25
55	56	3	2	1.0	0.55	1	25
56	57	2	3	1.0	0.67	1	25
57	58	2	1	0.0	0.25	0	25
58	59	3	1	0.0	0.28	1	25
59	60	1	1	0.0	0.32	0	25
60	61	3	3	1.0	0.68	1	25
61	62	1	1	0.0	0.07	0	25
62	63	2	2	1.0	0.54	1	25
63	64	2	3	1.0	0.75	1	25
64	65	1	1	0.0	0.23	0	25
65	66	1	2	1.0	0.5	0	25
66	67	3	1	0.0	0.14	1	25
67	68	2	1	0.0	0.32	0	25
68	69	1	2	0.0	0.45	0	25
69	70	2	2	0.0	0.38	1	25
70	71	3	3	1.0	0.76	1	25
71	72	1	1	0.0	0.16	0	25
72	73	3	2	0.0	0.39	1	25
73	74	2	1	0.0	0.24	1	25
74	75	2	3	1.0	0.86	0	25
75	76	1	2	1.0	0.56	0	25
76	77	3	3	1.0	0.81	1	25
77	78	2	3	1.0	0.94	0	25
78	79	2	2	1.0	0.51	1	25
79	80	3	1	0.0	0.33	1	25
80	81	1	2	0.0	0.42	0	25
81	82	1	3	1.0	0.69	0	25
82	83	2	3	1.0	0.72	0	25
83	84	1	1	0.0	0.12	0	25
84	85	3	2	1.0	0.55	1	25
85	86	1	1	0.0	0.21	0	25
86	87	3	2	0.0	0.47	1	25
87	88	3	1	0.0	0.12	1	25
88	89	2	1	0.0	0.17	1	25
89	90	1	2	1.0	0.64	0	25
90	91	1	1	0.0	0.05	0	25
91	92	1	3	1.0	0.85	0	25
92	93	1	1	0.0	0.29	0	25
93	94	1	3	1.0	0.77	1	25
94	95	3	1	0.0	0.17	1	25
95	96	2	3	1.0	0.78	1	25
97	98	3	3	1.0	0.65	1	25
98	99	3	3	1.0	0.73	0	25
99	100	2	1	0.0	0.3	0	25
100	101	1	3	1.0	0.9	0	25
101	102	3	1	0.0	0.26	1	25
102	103	1	2	0.0	0.48	0	25
103	104	2	1	0.0	0.08	0	25
104	105	3	3	1.0	0.9	1	25
105	106	2	2	1.0	0.6	1	25
106	107	2	2	0.0	0.35	0	25
107	108	3	2	1.0	0.6	1	25
0	1	1	2	1.0	0.53	0	26
1	2	2	1	1.0	0.13	0	26
2	3	2	3	1.0	0.91	1	26
3	4	3	1	0.0	0.15	1	26
4	5	1	2	1.0	0.61	0	26
5	6	3	1	0.0	0.31	1	26
6	7	3	3	1.0	0.79	1	26
7	8	1	1	1.0	0.1	0	26
8	9	3	2	0.0	0.58	1	26
9	10	3	2	1.0	0.36	1	26
10	11	1	3	1.0	0.82	0	26
11	12	3	1	0.0	0.22	1	26
12	13	3	3	0.0	0.87	0	26
13	14	1	2	1.0	0.45	0	26
14	15	2	3	1.0	0.7	0	26
15	16	1	1	1.0	0.27	0	26
16	17	2	2	1.0	0.4	0	26
17	18	1	1	1.0	0.18	0	26
18	19	1	3	1.0	0.74	0	26
19	20	3	2	0.0	0.52	1	26
20	21	1	1	1.0	0.34	0	26
21	22	3	3	0.0	0.7	1	26
22	23	2	2	1.0	0.65	0	26
23	24	2	2	1.0	0.49	1	26
24	25	2	2	1.0	0.57	0	26
25	26	2	1	1.0	0.22	1	26
26	27	1	2	1.0	0.4	1	26
27	28	2	1	1.0	0.27	1	26
28	29	1	3	1.0	0.88	0	26
29	30	3	1	0.0	0.09	1	26
30	31	3	2	0.0	0.44	1	26
31	32	3	3	1.0	0.95	1	26
32	33	2	3	1.0	0.75	1	26
33	34	2	1	0.0	0.06	1	26
34	35	2	3	1.0	0.83	0	26
35	36	1	3	1.0	0.66	0	26
36	37	3	3	0.0	0.84	1	26
37	38	1	3	1.0	0.93	0	26
38	39	3	1	0.0	0.2	1	26
39	40	3	2	0.0	0.41	1	26
40	41	1	2	1.0	0.59	0	26
41	42	1	3	1.0	0.85	0	26
42	43	3	3	1.0	0.92	1	26
43	44	2	3	1.0	0.8	0	26
44	45	1	2	1.0	0.37	0	26
45	46	1	3	1.0	0.8	1	26
46	47	2	2	1.0	0.62	0	26
47	48	2	1	0.0	0.11	1	26
48	49	3	2	0.0	0.5	1	26
49	50	3	2	0.0	0.63	1	26
50	51	2	3	1.0	0.89	0	26
51	52	1	3	1.0	0.71	0	26
52	53	2	1	1.0	0.19	1	26
53	54	2	2	1.0	0.46	0	26
54	55	3	1	0.0	0.07	0	26
55	56	3	2	0.0	0.55	1	26
56	57	2	3	1.0	0.67	1	26
57	58	2	1	1.0	0.25	0	26
58	59	3	1	0.0	0.28	1	26
59	60	1	1	1.0	0.32	0	26
60	61	3	3	0.0	0.68	1	26
61	62	1	1	1.0	0.07	0	26
62	63	2	2	1.0	0.54	1	26
63	64	2	3	1.0	0.75	1	26
64	65	1	1	0.0	0.23	0	26
65	66	1	2	1.0	0.5	0	26
66	67	3	1	0.0	0.14	1	26
67	68	2	1	1.0	0.32	0	26
68	69	1	2	1.0	0.45	0	26
69	70	2	2	1.0	0.38	1	26
70	71	3	3	0.0	0.76	1	26
71	72	1	1	1.0	0.16	0	26
72	73	3	2	0.0	0.39	1	26
73	74	2	1	1.0	0.24	1	26
74	75	2	3	1.0	0.86	0	26
75	76	1	2	1.0	0.56	0	26
76	77	3	3	0.0	0.81	1	26
77	78	2	3	1.0	0.94	0	26
78	79	2	2	1.0	0.51	1	26
79	80	3	1	0.0	0.33	1	26
80	81	1	2	1.0	0.42	0	26
81	82	1	3	1.0	0.69	0	26
82	83	2	3	1.0	0.72	0	26
83	84	1	1	1.0	0.12	0	26
84	85	3	2	0.0	0.55	1	26
86	87	3	2	0.0	0.47	1	26
87	88	3	1	0.0	0.12	1	26
88	89	2	1	1.0	0.17	1	26
89	90	1	2	1.0	0.64	0	26
90	91	1	1	1.0	0.05	0	26
91	92	1	3	1.0	0.85	0	26
92	93	1	1	1.0	0.29	0	26
93	94	1	3	0.0	0.77	1	26
94	95	3	1	0.0	0.17	1	26
95	96	2	3	1.0	0.78	1	26
96	97	2	2	1.0	0.43	1	26
97	98	3	3	0.0	0.65	1	26
98	99	3	3	0.0	0.73	0	26
99	100	2	1	1.0	0.3	0	26
100	101	1	3	1.0	0.9	0	26
103	104	2	1	0.0	0.08	0	26
104	105	3	3	0.0	0.9	1	26
105	106	2	2	1.0	0.6	1	26
106	107	2	2	0.0	0.35	0	26
107	108	3	2	0.0	0.6	1	26
0	1	1	2	1.0	0.53	0	27
1	2	2	1	1.0	0.13	0	27
2	3	2	3	1.0	0.91	1	27
3	4	3	1	1.0	0.15	1	27
4	5	1	2	1.0	0.61	0	27
5	6	3	1	1.0	0.31	1	27
6	7	3	3	1.0	0.79	1	27
7	8	1	1	1.0	0.1	0	27
8	9	3	2	1.0	0.58	1	27
9	10	3	2	1.0	0.36	1	27
10	11	1	3	1.0	0.82	0	27
11	12	3	1	1.0	0.22	1	27
12	13	3	3	1.0	0.87	0	27
13	14	1	2	0.0	0.45	0	27
14	15	2	3	1.0	0.7	0	27
15	16	1	1	1.0	0.27	0	27
16	17	2	2	1.0	0.4	0	27
17	18	1	1	1.0	0.18	0	27
18	19	1	3	1.0	0.74	0	27
19	20	3	2	1.0	0.52	1	27
20	21	1	1	1.0	0.34	0	27
21	22	3	3	1.0	0.7	1	27
22	23	2	2	1.0	0.65	0	27
23	24	2	2	1.0	0.49	1	27
24	25	2	2	1.0	0.57	0	27
25	26	2	1	1.0	0.22	1	27
26	27	1	2	1.0	0.4	1	27
27	28	2	1	1.0	0.27	1	27
28	29	1	3	1.0	0.88	0	27
29	30	3	1	0.0	0.09	1	27
30	31	3	2	1.0	0.44	1	27
31	32	3	3	1.0	0.95	1	27
32	33	2	3	1.0	0.75	1	27
33	34	2	1	1.0	0.06	1	27
34	35	2	3	1.0	0.83	0	27
35	36	1	3	1.0	0.66	0	27
36	37	3	3	1.0	0.84	1	27
37	38	1	3	1.0	0.93	0	27
38	39	3	1	1.0	0.2	1	27
39	40	3	2	1.0	0.41	1	27
40	41	1	2	1.0	0.59	0	27
41	42	1	3	1.0	0.85	0	27
42	43	3	3	1.0	0.92	1	27
43	44	2	3	1.0	0.8	0	27
44	45	1	2	1.0	0.37	0	27
45	46	1	3	1.0	0.8	1	27
46	47	2	2	1.0	0.62	0	27
47	48	2	1	1.0	0.11	1	27
48	49	3	2	1.0	0.5	1	27
49	50	3	2	1.0	0.63	1	27
50	51	2	3	1.0	0.89	0	27
51	52	1	3	1.0	0.71	0	27
52	53	2	1	1.0	0.19	1	27
53	54	2	2	1.0	0.46	0	27
54	55	3	1	0.0	0.07	0	27
55	56	3	2	1.0	0.55	1	27
56	57	2	3	1.0	0.67	1	27
57	58	2	1	1.0	0.25	0	27
58	59	3	1	1.0	0.28	1	27
59	60	1	1	1.0	0.32	0	27
60	61	3	3	1.0	0.68	1	27
62	63	2	2	1.0	0.54	1	27
63	64	2	3	1.0	0.75	1	27
64	65	1	1	1.0	0.23	0	27
65	66	1	2	1.0	0.5	0	27
66	67	3	1	1.0	0.14	1	27
67	68	2	1	1.0	0.32	0	27
68	69	1	2	1.0	0.45	0	27
70	71	3	3	1.0	0.76	1	27
71	72	1	1	1.0	0.16	0	27
72	73	3	2	1.0	0.39	1	27
73	74	2	1	1.0	0.24	1	27
74	75	2	3	1.0	0.86	0	27
75	76	1	2	1.0	0.56	0	27
76	77	3	3	1.0	0.81	1	27
77	78	2	3	1.0	0.94	0	27
78	79	2	2	1.0	0.51	1	27
79	80	3	1	1.0	0.33	1	27
80	81	1	2	1.0	0.42	0	27
81	82	1	3	1.0	0.69	0	27
82	83	2	3	1.0	0.72	0	27
84	85	3	2	1.0	0.55	1	27
85	86	1	1	1.0	0.21	0	27
86	87	3	2	1.0	0.47	1	27
88	89	2	1	0.0	0.17	1	27
89	90	1	2	1.0	0.64	0	27
90	91	1	1	0.0	0.05	0	27
91	92	1	3	1.0	0.85	0	27
92	93	1	1	1.0	0.29	0	27
93	94	1	3	1.0	0.77	1	27
94	95	3	1	1.0	0.17	1	27
95	96	2	3	1.0	0.78	1	27
96	97	2	2	1.0	0.43	1	27
97	98	3	3	1.0	0.65	1	27
98	99	3	3	1.0	0.73	0	27
99	100	2	1	1.0	0.3	0	27
100	101	1	3	1.0	0.9	0	27
101	102	3	1	1.0	0.26	1	27
102	103	1	2	1.0	0.48	0	27
104	105	3	3	1.0	0.9	1	27
105	106	2	2	1.0	0.6	1	27
106	107	2	2	1.0	0.35	0	27
107	108	3	2	1.0	0.6	1	27
0	1	1	2	1	0.53	0	28
1	2	2	1	0	0.13	0	28
2	3	2	3	1	0.91	1	28
3	4	3	1	0	0.15	1	28
4	5	1	2	1	0.61	0	28
5	6	3	1	0	0.31	1	28
6	7	3	3	1	0.79	1	28
7	8	1	1	1	0.1	0	28
8	9	3	2	1	0.58	1	28
9	10	3	2	0	0.36	1	28
10	11	1	3	1	0.82	0	28
11	12	3	1	0	0.22	1	28
12	13	3	3	1	0.87	0	28
13	14	1	2	1	0.45	0	28
14	15	2	3	1	0.7	0	28
15	16	1	1	1	0.27	0	28
16	17	2	2	1	0.4	0	28
17	18	1	1	0	0.18	0	28
18	19	1	3	1	0.74	0	28
19	20	3	2	0	0.52	1	28
20	21	1	1	1	0.34	0	28
21	22	3	3	1	0.7	1	28
22	23	2	2	1	0.65	0	28
23	24	2	2	1	0.49	1	28
24	25	2	2	1	0.57	0	28
25	26	2	1	0	0.22	1	28
26	27	1	2	1	0.4	1	28
27	28	2	1	0	0.27	1	28
28	29	1	3	1	0.88	0	28
29	30	3	1	0	0.09	1	28
30	31	3	2	0	0.44	1	28
31	32	3	3	1	0.95	1	28
32	33	2	3	1	0.75	1	28
33	34	2	1	0	0.06	1	28
34	35	2	3	1	0.83	0	28
35	36	1	3	1	0.66	0	28
36	37	3	3	1	0.84	1	28
37	38	1	3	1	0.93	0	28
38	39	3	1	0	0.2	1	28
39	40	3	2	1	0.41	1	28
40	41	1	2	1	0.59	0	28
41	42	1	3	1	0.85	0	28
42	43	3	3	1	0.92	1	28
43	44	2	3	1	0.8	0	28
44	45	1	2	1	0.37	0	28
45	46	1	3	1	0.8	1	28
46	47	2	2	1	0.62	0	28
47	48	2	1	1	0.11	1	28
48	49	3	2	1	0.5	1	28
49	50	3	2	1	0.63	1	28
50	51	2	3	1	0.89	0	28
51	52	1	3	1	0.71	0	28
52	53	2	1	1	0.19	1	28
53	54	2	2	1	0.46	0	28
54	55	3	1	0	0.07	0	28
55	56	3	2	1	0.55	1	28
56	57	2	3	1	0.67	1	28
57	58	2	1	1	0.25	0	28
58	59	3	1	1	0.28	1	28
59	60	1	1	1	0.32	0	28
60	61	3	3	1	0.68	1	28
61	62	1	1	1	0.07	0	28
62	63	2	2	1	0.54	1	28
63	64	2	3	1	0.75	1	28
64	65	1	1	1	0.23	0	28
65	66	1	2	1	0.5	0	28
66	67	3	1	0	0.14	1	28
67	68	2	1	1	0.32	0	28
68	69	1	2	1	0.45	0	28
69	70	2	2	1	0.38	1	28
70	71	3	3	1	0.76	1	28
71	72	1	1	1	0.16	0	28
72	73	3	2	0	0.39	1	28
73	74	2	1	0	0.24	1	28
74	75	2	3	1	0.86	0	28
75	76	1	2	1	0.56	0	28
76	77	3	3	1	0.81	1	28
77	78	2	3	1	0.94	0	28
78	79	2	2	0	0.51	1	28
79	80	3	1	0	0.33	1	28
80	81	1	2	1	0.42	0	28
81	82	1	3	1	0.69	0	28
82	83	2	3	1	0.72	0	28
83	84	1	1	1	0.12	0	28
84	85	3	2	1	0.55	1	28
85	86	1	1	1	0.21	0	28
86	87	3	2	1	0.47	1	28
87	88	3	1	1	0.12	1	28
88	89	2	1	1	0.17	1	28
89	90	1	2	1	0.64	0	28
90	91	1	1	0	0.05	0	28
91	92	1	3	1	0.85	0	28
92	93	1	1	1	0.29	0	28
93	94	1	3	1	0.77	1	28
94	95	3	1	1	0.17	1	28
95	96	2	3	1	0.78	1	28
96	97	2	2	1	0.43	1	28
97	98	3	3	1	0.65	1	28
98	99	3	3	1	0.73	0	28
99	100	2	1	1	0.3	0	28
100	101	1	3	1	0.9	0	28
101	102	3	1	1	0.26	1	28
102	103	1	2	1	0.48	0	28
103	104	2	1	1	0.08	0	28
104	105	3	3	1	0.9	1	28
105	106	2	2	1	0.6	1	28
106	107	2	2	1	0.35	0	28
107	108	3	2	1	0.6	1	28
0	1	1	2	1.0	0.53	0	29
1	2	2	1	0.0	0.13	0	29
2	3	2	3	1.0	0.91	1	29
3	4	3	1	0.0	0.15	1	29
4	5	1	2	1.0	0.61	0	29
5	6	3	1	1.0	0.31	1	29
6	7	3	3	1.0	0.79	1	29
7	8	1	1	1.0	0.1	0	29
8	9	3	2	1.0	0.58	1	29
9	10	3	2	0.0	0.36	1	29
10	11	1	3	1.0	0.82	0	29
11	12	3	1	0.0	0.22	1	29
12	13	3	3	1.0	0.87	0	29
13	14	1	2	1.0	0.45	0	29
14	15	2	3	1.0	0.7	0	29
15	16	1	1	1.0	0.27	0	29
16	17	2	2	1.0	0.4	0	29
17	18	1	1	1.0	0.18	0	29
18	19	1	3	1.0	0.74	0	29
19	20	3	2	1.0	0.52	1	29
20	21	1	1	1.0	0.34	0	29
21	22	3	3	1.0	0.7	1	29
22	23	2	2	1.0	0.65	0	29
23	24	2	2	1.0	0.49	1	29
24	25	2	2	1.0	0.57	0	29
25	26	2	1	1.0	0.22	1	29
26	27	1	2	1.0	0.4	1	29
27	28	2	1	1.0	0.27	1	29
28	29	1	3	1.0	0.88	0	29
29	30	3	1	1.0	0.09	1	29
30	31	3	2	1.0	0.44	1	29
31	32	3	3	1.0	0.95	1	29
32	33	2	3	1.0	0.75	1	29
33	34	2	1	0.0	0.06	1	29
34	35	2	3	1.0	0.83	0	29
35	36	1	3	1.0	0.66	0	29
36	37	3	3	1.0	0.84	1	29
37	38	1	3	1.0	0.93	0	29
38	39	3	1	1.0	0.2	1	29
39	40	3	2	1.0	0.41	1	29
40	41	1	2	1.0	0.59	0	29
41	42	1	3	1.0	0.85	0	29
42	43	3	3	1.0	0.92	1	29
43	44	2	3	1.0	0.8	0	29
44	45	1	2	1.0	0.37	0	29
45	46	1	3	1.0	0.8	1	29
46	47	2	2	1.0	0.62	0	29
47	48	2	1	0.0	0.11	1	29
48	49	3	2	1.0	0.5	1	29
49	50	3	2	1.0	0.63	1	29
50	51	2	3	1.0	0.89	0	29
51	52	1	3	1.0	0.71	0	29
52	53	2	1	1.0	0.19	1	29
53	54	2	2	1.0	0.46	0	29
54	55	3	1	0.0	0.07	0	29
55	56	3	2	1.0	0.55	1	29
56	57	2	3	1.0	0.67	1	29
57	58	2	1	1.0	0.25	0	29
58	59	3	1	1.0	0.28	1	29
59	60	1	1	1.0	0.32	0	29
60	61	3	3	1.0	0.68	1	29
61	62	1	1	1.0	0.07	0	29
62	63	2	2	1.0	0.54	1	29
63	64	2	3	1.0	0.75	1	29
64	65	1	1	1.0	0.23	0	29
65	66	1	2	1.0	0.5	0	29
66	67	3	1	0.0	0.14	1	29
67	68	2	1	1.0	0.32	0	29
68	69	1	2	1.0	0.45	0	29
69	70	2	2	1.0	0.38	1	29
70	71	3	3	1.0	0.76	1	29
71	72	1	1	1.0	0.16	0	29
72	73	3	2	1.0	0.39	1	29
73	74	2	1	1.0	0.24	1	29
74	75	2	3	1.0	0.86	0	29
75	76	1	2	1.0	0.56	0	29
76	77	3	3	1.0	0.81	1	29
77	78	2	3	1.0	0.94	0	29
78	79	2	2	1.0	0.51	1	29
79	80	3	1	1.0	0.33	1	29
80	81	1	2	1.0	0.42	0	29
81	82	1	3	1.0	0.69	0	29
82	83	2	3	1.0	0.72	0	29
83	84	1	1	1.0	0.12	0	29
84	85	3	2	1.0	0.55	1	29
85	86	1	1	1.0	0.21	0	29
86	87	3	2	1.0	0.47	1	29
87	88	3	1	0.0	0.12	1	29
88	89	2	1	0.0	0.17	1	29
89	90	1	2	1.0	0.64	0	29
90	91	1	1	1.0	0.05	0	29
91	92	1	3	1.0	0.85	0	29
92	93	1	1	1.0	0.29	0	29
93	94	1	3	1.0	0.77	1	29
94	95	3	1	0.0	0.17	1	29
95	96	2	3	1.0	0.78	1	29
96	97	2	2	1.0	0.43	1	29
97	98	3	3	1.0	0.65	1	29
98	99	3	3	1.0	0.73	0	29
99	100	2	1	1.0	0.3	0	29
101	102	3	1	1.0	0.26	1	29
102	103	1	2	1.0	0.48	0	29
103	104	2	1	0.0	0.08	0	29
104	105	3	3	1.0	0.9	1	29
105	106	2	2	1.0	0.6	1	29
106	107	2	2	1.0	0.35	0	29
107	108	3	2	1.0	0.6	1	29
0	1	1	2	1	0.53	0	30
1	2	2	1	0	0.13	0	30
2	3	2	3	1	0.91	1	30
3	4	3	1	0	0.15	1	30
4	5	1	2	1	0.61	0	30
5	6	3	1	0	0.31	1	30
6	7	3	3	1	0.79	1	30
7	8	1	1	0	0.1	0	30
8	9	3	2	1	0.58	1	30
9	10	3	2	1	0.36	1	30
10	11	1	3	1	0.82	0	30
11	12	3	1	0	0.22	1	30
12	13	3	3	1	0.87	0	30
13	14	1	2	1	0.45	0	30
14	15	2	3	1	0.7	0	30
15	16	1	1	1	0.27	0	30
16	17	2	2	1	0.4	0	30
17	18	1	1	1	0.18	0	30
18	19	1	3	1	0.74	0	30
19	20	3	2	1	0.52	1	30
20	21	1	1	1	0.34	0	30
21	22	3	3	1	0.7	1	30
22	23	2	2	1	0.65	0	30
23	24	2	2	1	0.49	1	30
24	25	2	2	1	0.57	0	30
25	26	2	1	1	0.22	1	30
26	27	1	2	1	0.4	1	30
27	28	2	1	1	0.27	1	30
28	29	1	3	1	0.88	0	30
29	30	3	1	0	0.09	1	30
30	31	3	2	0	0.44	1	30
31	32	3	3	1	0.95	1	30
32	33	2	3	1	0.75	1	30
33	34	2	1	0	0.06	1	30
34	35	2	3	1	0.83	0	30
35	36	1	3	1	0.66	0	30
36	37	3	3	1	0.84	1	30
37	38	1	3	1	0.93	0	30
38	39	3	1	0	0.2	1	30
39	40	3	2	0	0.41	1	30
40	41	1	2	1	0.59	0	30
41	42	1	3	1	0.85	0	30
42	43	3	3	1	0.92	1	30
43	44	2	3	1	0.8	0	30
44	45	1	2	1	0.37	0	30
45	46	1	3	1	0.8	1	30
46	47	2	2	1	0.62	0	30
47	48	2	1	0	0.11	1	30
48	49	3	2	1	0.5	1	30
49	50	3	2	1	0.63	1	30
50	51	2	3	1	0.89	0	30
51	52	1	3	1	0.71	0	30
52	53	2	1	0	0.19	1	30
53	54	2	2	1	0.46	0	30
54	55	3	1	0	0.07	0	30
55	56	3	2	1	0.55	1	30
56	57	2	3	1	0.67	1	30
57	58	2	1	1	0.25	0	30
58	59	3	1	1	0.28	1	30
59	60	1	1	1	0.32	0	30
60	61	3	3	1	0.68	1	30
61	62	1	1	0	0.07	0	30
62	63	2	2	1	0.54	1	30
63	64	2	3	1	0.75	1	30
64	65	1	1	1	0.23	0	30
65	66	1	2	1	0.5	0	30
66	67	3	1	0	0.14	1	30
67	68	2	1	1	0.32	0	30
68	69	1	2	1	0.45	0	30
69	70	2	2	1	0.38	1	30
70	71	3	3	1	0.76	1	30
71	72	1	1	0	0.16	0	30
72	73	3	2	1	0.39	1	30
73	74	2	1	1	0.24	1	30
74	75	2	3	1	0.86	0	30
75	76	1	2	1	0.56	0	30
76	77	3	3	1	0.81	1	30
77	78	2	3	1	0.94	0	30
78	79	2	2	1	0.51	1	30
79	80	3	1	1	0.33	1	30
80	81	1	2	1	0.42	0	30
81	82	1	3	1	0.69	0	30
82	83	2	3	1	0.72	0	30
83	84	1	1	0	0.12	0	30
84	85	3	2	1	0.55	1	30
85	86	1	1	1	0.21	0	30
86	87	3	2	1	0.47	1	30
87	88	3	1	0	0.12	1	30
88	89	2	1	0	0.17	1	30
89	90	1	2	1	0.64	0	30
90	91	1	1	0	0.05	0	30
91	92	1	3	1	0.85	0	30
92	93	1	1	1	0.29	0	30
93	94	1	3	1	0.77	1	30
94	95	3	1	0	0.17	1	30
95	96	2	3	1	0.78	1	30
96	97	2	2	1	0.43	1	30
97	98	3	3	1	0.65	1	30
98	99	3	3	1	0.73	0	30
99	100	2	1	1	0.3	0	30
100	101	1	3	1	0.9	0	30
101	102	3	1	0	0.26	1	30
102	103	1	2	1	0.48	0	30
103	104	2	1	0	0.08	0	30
104	105	3	3	1	0.9	1	30
105	106	2	2	1	0.6	1	30
106	107	2	2	1	0.35	0	30
107	108	3	2	1	0.6	1	30
0	1	1	2	1	0.53	0	31
1	2	2	1	1	0.13	0	31
2	3	2	3	1	0.91	1	31
3	4	3	1	1	0.15	1	31
4	5	1	2	1	0.61	0	31
5	6	3	1	1	0.31	1	31
6	7	3	3	1	0.79	1	31
7	8	1	1	0	0.1	0	31
8	9	3	2	1	0.58	1	31
9	10	3	2	1	0.36	1	31
10	11	1	3	1	0.82	0	31
11	12	3	1	0	0.22	1	31
12	13	3	3	1	0.87	0	31
13	14	1	2	1	0.45	0	31
14	15	2	3	1	0.7	0	31
15	16	1	1	0	0.27	0	31
16	17	2	2	1	0.4	0	31
17	18	1	1	1	0.18	0	31
18	19	1	3	1	0.74	0	31
19	20	3	2	1	0.52	1	31
20	21	1	1	1	0.34	0	31
21	22	3	3	1	0.7	1	31
22	23	2	2	1	0.65	0	31
23	24	2	2	1	0.49	1	31
24	25	2	2	1	0.57	0	31
25	26	2	1	1	0.22	1	31
26	27	1	2	1	0.4	1	31
27	28	2	1	1	0.27	1	31
28	29	1	3	1	0.88	0	31
29	30	3	1	0	0.09	1	31
30	31	3	2	1	0.44	1	31
31	32	3	3	1	0.95	1	31
32	33	2	3	1	0.75	1	31
33	34	2	1	1	0.06	1	31
34	35	2	3	1	0.83	0	31
35	36	1	3	1	0.66	0	31
36	37	3	3	1	0.84	1	31
37	38	1	3	1	0.93	0	31
38	39	3	1	1	0.2	1	31
39	40	3	2	1	0.41	1	31
40	41	1	2	1	0.59	0	31
41	42	1	3	1	0.85	0	31
42	43	3	3	1	0.92	1	31
43	44	2	3	1	0.8	0	31
44	45	1	2	1	0.37	0	31
45	46	1	3	1	0.8	1	31
46	47	2	2	1	0.62	0	31
47	48	2	1	1	0.11	1	31
48	49	3	2	1	0.5	1	31
49	50	3	2	1	0.63	1	31
50	51	2	3	1	0.89	0	31
51	52	1	3	1	0.71	0	31
52	53	2	1	0	0.19	1	31
53	54	2	2	1	0.46	0	31
54	55	3	1	0	0.07	0	31
55	56	3	2	1	0.55	1	31
56	57	2	3	1	0.67	1	31
57	58	2	1	1	0.25	0	31
58	59	3	1	1	0.28	1	31
59	60	1	1	1	0.32	0	31
60	61	3	3	1	0.68	1	31
61	62	1	1	0	0.07	0	31
62	63	2	2	1	0.54	1	31
63	64	2	3	1	0.75	1	31
64	65	1	1	1	0.23	0	31
65	66	1	2	1	0.5	0	31
66	67	3	1	0	0.14	1	31
67	68	2	1	1	0.32	0	31
68	69	1	2	1	0.45	0	31
69	70	2	2	1	0.38	1	31
70	71	3	3	1	0.76	1	31
71	72	1	1	1	0.16	0	31
72	73	3	2	1	0.39	1	31
73	74	2	1	1	0.24	1	31
74	75	2	3	1	0.86	0	31
75	76	1	2	1	0.56	0	31
76	77	3	3	1	0.81	1	31
77	78	2	3	1	0.94	0	31
78	79	2	2	1	0.51	1	31
79	80	3	1	1	0.33	1	31
80	81	1	2	1	0.42	0	31
81	82	1	3	1	0.69	0	31
82	83	2	3	1	0.72	0	31
83	84	1	1	1	0.12	0	31
84	85	3	2	1	0.55	1	31
85	86	1	1	1	0.21	0	31
86	87	3	2	1	0.47	1	31
87	88	3	1	1	0.12	1	31
88	89	2	1	1	0.17	1	31
89	90	1	2	1	0.64	0	31
90	91	1	1	0	0.05	0	31
91	92	1	3	1	0.85	0	31
92	93	1	1	1	0.29	0	31
93	94	1	3	1	0.77	1	31
94	95	3	1	1	0.17	1	31
95	96	2	3	1	0.78	1	31
96	97	2	2	1	0.43	1	31
97	98	3	3	1	0.65	1	31
98	99	3	3	1	0.73	0	31
99	100	2	1	1	0.3	0	31
100	101	1	3	1	0.9	0	31
101	102	3	1	1	0.26	1	31
102	103	1	2	1	0.48	0	31
103	104	2	1	1	0.08	0	31
104	105	3	3	1	0.9	1	31
105	106	2	2	1	0.6	1	31
106	107	2	2	1	0.35	0	31
107	108	3	2	1	0.6	1	31
0	1	1	2	1	0.53	0	32
1	2	2	1	0	0.13	0	32
2	3	2	3	1	0.91	1	32
3	4	3	1	0	0.15	1	32
4	5	1	2	1	0.61	0	32
5	6	3	1	0	0.31	1	32
6	7	3	3	1	0.79	1	32
7	8	1	1	1	0.1	0	32
8	9	3	2	0	0.58	1	32
9	10	3	2	0	0.36	1	32
10	11	1	3	1	0.82	0	32
11	12	3	1	0	0.22	1	32
12	13	3	3	1	0.87	0	32
13	14	1	2	1	0.45	0	32
14	15	2	3	1	0.7	0	32
15	16	1	1	1	0.27	0	32
16	17	2	2	1	0.4	0	32
17	18	1	1	1	0.18	0	32
18	19	1	3	1	0.74	0	32
19	20	3	2	0	0.52	1	32
20	21	1	1	1	0.34	0	32
21	22	3	3	1	0.7	1	32
22	23	2	2	1	0.65	0	32
23	24	2	2	1	0.49	1	32
24	25	2	2	1	0.57	0	32
25	26	2	1	0	0.22	1	32
26	27	1	2	1	0.4	1	32
27	28	2	1	0	0.27	1	32
28	29	1	3	1	0.88	0	32
29	30	3	1	0	0.09	1	32
30	31	3	2	0	0.44	1	32
31	32	3	3	1	0.95	1	32
32	33	2	3	1	0.75	1	32
33	34	2	1	0	0.06	1	32
34	35	2	3	1	0.83	0	32
35	36	1	3	1	0.66	0	32
36	37	3	3	1	0.84	1	32
37	38	1	3	1	0.93	0	32
38	39	3	1	0	0.2	1	32
39	40	3	2	0	0.41	1	32
40	41	1	2	1	0.59	0	32
41	42	1	3	1	0.85	0	32
42	43	3	3	1	0.92	1	32
43	44	2	3	1	0.8	0	32
44	45	1	2	1	0.37	0	32
45	46	1	3	1	0.8	1	32
46	47	2	2	1	0.62	0	32
47	48	2	1	0	0.11	1	32
48	49	3	2	1	0.5	1	32
49	50	3	2	1	0.63	1	32
50	51	2	3	1	0.89	0	32
51	52	1	3	1	0.71	0	32
52	53	2	1	0	0.19	1	32
53	54	2	2	1	0.46	0	32
54	55	3	1	0	0.07	0	32
55	56	3	2	1	0.55	1	32
56	57	2	3	1	0.67	1	32
57	58	2	1	0	0.25	0	32
58	59	3	1	0	0.28	1	32
59	60	1	1	1	0.32	0	32
60	61	3	3	1	0.68	1	32
61	62	1	1	0	0.07	0	32
62	63	2	2	1	0.54	1	32
63	64	2	3	1	0.75	1	32
64	65	1	1	1	0.23	0	32
65	66	1	2	1	0.5	0	32
66	67	3	1	0	0.14	1	32
67	68	2	1	0	0.32	0	32
68	69	1	2	1	0.45	0	32
69	70	2	2	1	0.38	1	32
70	71	3	3	1	0.76	1	32
71	72	1	1	1	0.16	0	32
72	73	3	2	0	0.39	1	32
73	74	2	1	0	0.24	1	32
74	75	2	3	1	0.86	0	32
75	76	1	2	1	0.56	0	32
76	77	3	3	1	0.81	1	32
77	78	2	3	1	0.94	0	32
78	79	2	2	1	0.51	1	32
79	80	3	1	0	0.33	1	32
80	81	1	2	1	0.42	0	32
81	82	1	3	1	0.69	0	32
82	83	2	3	1	0.72	0	32
83	84	1	1	0	0.12	0	32
84	85	3	2	1	0.55	1	32
85	86	1	1	1	0.21	0	32
86	87	3	2	1	0.47	1	32
87	88	3	1	0	0.12	1	32
88	89	2	1	0	0.17	1	32
89	90	1	2	1	0.64	0	32
90	91	1	1	0	0.05	0	32
91	92	1	3	1	0.85	0	32
92	93	1	1	1	0.29	0	32
93	94	1	3	1	0.77	1	32
94	95	3	1	0	0.17	1	32
95	96	2	3	1	0.78	1	32
96	97	2	2	1	0.43	1	32
97	98	3	3	1	0.65	1	32
98	99	3	3	1	0.73	0	32
99	100	2	1	0	0.3	0	32
100	101	1	3	1	0.9	0	32
101	102	3	1	0	0.26	1	32
102	103	1	2	1	0.48	0	32
103	104	2	1	0	0.08	0	32
104	105	3	3	1	0.9	1	32
105	106	2	2	1	0.6	1	32
106	107	2	2	0	0.35	0	32
107	108	3	2	1	0.6	1	32
0	1	1	2	1	0.53	0	33
1	2	2	1	0	0.13	0	33
2	3	2	3	1	0.91	1	33
3	4	3	1	0	0.15	1	33
4	5	1	2	1	0.61	0	33
5	6	3	1	0	0.31	1	33
6	7	3	3	1	0.79	1	33
7	8	1	1	1	0.1	0	33
8	9	3	2	1	0.58	1	33
9	10	3	2	0	0.36	1	33
10	11	1	3	1	0.82	0	33
11	12	3	1	0	0.22	1	33
12	13	3	3	1	0.87	0	33
13	14	1	2	1	0.45	0	33
14	15	2	3	1	0.7	0	33
15	16	1	1	1	0.27	0	33
16	17	2	2	1	0.4	0	33
17	18	1	1	1	0.18	0	33
18	19	1	3	1	0.74	0	33
19	20	3	2	1	0.52	1	33
20	21	1	1	1	0.34	0	33
21	22	3	3	1	0.7	1	33
22	23	2	2	1	0.65	0	33
23	24	2	2	1	0.49	1	33
24	25	2	2	1	0.57	0	33
25	26	2	1	1	0.22	1	33
26	27	1	2	1	0.4	1	33
27	28	2	1	1	0.27	1	33
28	29	1	3	1	0.88	0	33
29	30	3	1	0	0.09	1	33
30	31	3	2	0	0.44	1	33
31	32	3	3	1	0.95	1	33
32	33	2	3	1	0.75	1	33
33	34	2	1	0	0.06	1	33
34	35	2	3	1	0.83	0	33
35	36	1	3	1	0.66	0	33
36	37	3	3	1	0.84	1	33
37	38	1	3	1	0.93	0	33
38	39	3	1	0	0.2	1	33
39	40	3	2	1	0.41	1	33
40	41	1	2	1	0.59	0	33
41	42	1	3	1	0.85	0	33
42	43	3	3	1	0.92	1	33
43	44	2	3	1	0.8	0	33
44	45	1	2	1	0.37	0	33
45	46	1	3	1	0.8	1	33
46	47	2	2	1	0.62	0	33
47	48	2	1	0	0.11	1	33
48	49	3	2	1	0.5	1	33
49	50	3	2	1	0.63	1	33
50	51	2	3	1	0.89	0	33
51	52	1	3	1	0.71	0	33
52	53	2	1	1	0.19	1	33
53	54	2	2	1	0.46	0	33
54	55	3	1	0	0.07	0	33
55	56	3	2	1	0.55	1	33
56	57	2	3	1	0.67	1	33
57	58	2	1	1	0.25	0	33
58	59	3	1	1	0.28	1	33
59	60	1	1	1	0.32	0	33
60	61	3	3	1	0.68	1	33
61	62	1	1	0	0.07	0	33
62	63	2	2	1	0.54	1	33
63	64	2	3	1	0.75	1	33
64	65	1	1	1	0.23	0	33
65	66	1	2	1	0.5	0	33
66	67	3	1	0	0.14	1	33
67	68	2	1	1	0.32	0	33
68	69	1	2	1	0.45	0	33
69	70	2	2	1	0.38	1	33
70	71	3	3	1	0.76	1	33
71	72	1	1	1	0.16	0	33
72	73	3	2	1	0.39	1	33
73	74	2	1	1	0.24	1	33
74	75	2	3	1	0.86	0	33
75	76	1	2	1	0.56	0	33
76	77	3	3	1	0.81	1	33
77	78	2	3	1	0.94	0	33
78	79	2	2	1	0.51	1	33
79	80	3	1	1	0.33	1	33
80	81	1	2	1	0.42	0	33
81	82	1	3	1	0.69	0	33
82	83	2	3	1	0.72	0	33
83	84	1	1	0	0.12	0	33
84	85	3	2	1	0.55	1	33
85	86	1	1	1	0.21	0	33
86	87	3	2	1	0.47	1	33
87	88	3	1	0	0.12	1	33
88	89	2	1	0	0.17	1	33
89	90	1	2	1	0.64	0	33
90	91	1	1	0	0.05	0	33
91	92	1	3	1	0.85	0	33
92	93	1	1	1	0.29	0	33
93	94	1	3	1	0.77	1	33
94	95	3	1	0	0.17	1	33
95	96	2	3	1	0.78	1	33
96	97	2	2	1	0.43	1	33
97	98	3	3	1	0.65	1	33
98	99	3	3	1	0.73	0	33
99	100	2	1	1	0.3	0	33
100	101	1	3	1	0.9	0	33
101	102	3	1	0	0.26	1	33
102	103	1	2	1	0.48	0	33
103	104	2	1	1	0.08	0	33
104	105	3	3	1	0.9	1	33
105	106	2	2	1	0.6	1	33
106	107	2	2	1	0.35	0	33
107	108	3	2	1	0.6	1	33
1	2	2	1	1.0	0.13	0	34
2	3	2	3	1.0	0.91	1	34
3	4	3	1	0.0	0.15	1	34
4	5	1	2	1.0	0.61	0	34
5	6	3	1	0.0	0.31	1	34
6	7	3	3	0.0	0.79	1	34
7	8	1	1	0.0	0.1	0	34
8	9	3	2	0.0	0.58	1	34
9	10	3	2	0.0	0.36	1	34
10	11	1	3	1.0	0.82	0	34
11	12	3	1	0.0	0.22	1	34
12	13	3	3	0.0	0.87	0	34
13	14	1	2	1.0	0.45	0	34
14	15	2	3	1.0	0.7	0	34
15	16	1	1	0.0	0.27	0	34
16	17	2	2	1.0	0.4	0	34
17	18	1	1	1.0	0.18	0	34
18	19	1	3	1.0	0.74	0	34
19	20	3	2	0.0	0.52	1	34
20	21	1	1	1.0	0.34	0	34
21	22	3	3	0.0	0.7	1	34
22	23	2	2	1.0	0.65	0	34
23	24	2	2	1.0	0.49	1	34
24	25	2	2	1.0	0.57	0	34
25	26	2	1	0.0	0.22	1	34
26	27	1	2	1.0	0.4	1	34
27	28	2	1	0.0	0.27	1	34
28	29	1	3	1.0	0.88	0	34
29	30	3	1	0.0	0.09	1	34
30	31	3	2	0.0	0.44	1	34
31	32	3	3	1.0	0.95	1	34
32	33	2	3	1.0	0.75	1	34
33	34	2	1	0.0	0.06	1	34
34	35	2	3	1.0	0.83	0	34
35	36	1	3	1.0	0.66	0	34
36	37	3	3	0.0	0.84	1	34
37	38	1	3	1.0	0.93	0	34
38	39	3	1	0.0	0.2	1	34
39	40	3	2	0.0	0.41	1	34
40	41	1	2	1.0	0.59	0	34
41	42	1	3	1.0	0.85	0	34
42	43	3	3	1.0	0.92	1	34
43	44	2	3	1.0	0.8	0	34
44	45	1	2	1.0	0.37	0	34
45	46	1	3	1.0	0.8	1	34
46	47	2	2	1.0	0.62	0	34
47	48	2	1	0.0	0.11	1	34
48	49	3	2	0.0	0.5	1	34
49	50	3	2	0.0	0.63	1	34
50	51	2	3	1.0	0.89	0	34
51	52	1	3	1.0	0.71	0	34
52	53	2	1	0.0	0.19	1	34
53	54	2	2	1.0	0.46	0	34
54	55	3	1	0.0	0.07	0	34
55	56	3	2	0.0	0.55	1	34
56	57	2	3	1.0	0.67	1	34
57	58	2	1	0.0	0.25	0	34
58	59	3	1	0.0	0.28	1	34
59	60	1	1	1.0	0.32	0	34
61	62	1	1	0.0	0.07	0	34
62	63	2	2	1.0	0.54	1	34
63	64	2	3	1.0	0.75	1	34
64	65	1	1	1.0	0.23	0	34
65	66	1	2	1.0	0.5	0	34
66	67	3	1	0.0	0.14	1	34
67	68	2	1	0.0	0.32	0	34
68	69	1	2	1.0	0.45	0	34
69	70	2	2	1.0	0.38	1	34
70	71	3	3	1.0	0.76	1	34
72	73	3	2	0.0	0.39	1	34
73	74	2	1	0.0	0.24	1	34
74	75	2	3	1.0	0.86	0	34
75	76	1	2	1.0	0.56	0	34
76	77	3	3	1.0	0.81	1	34
77	78	2	3	1.0	0.94	0	34
78	79	2	2	1.0	0.51	1	34
79	80	3	1	0.0	0.33	1	34
80	81	1	2	1.0	0.42	0	34
81	82	1	3	1.0	0.69	0	34
82	83	2	3	1.0	0.72	0	34
84	85	3	2	0.0	0.55	1	34
85	86	1	1	1.0	0.21	0	34
86	87	3	2	0.0	0.47	1	34
87	88	3	1	0.0	0.12	1	34
88	89	2	1	0.0	0.17	1	34
89	90	1	2	1.0	0.64	0	34
90	91	1	1	0.0	0.05	0	34
91	92	1	3	1.0	0.85	0	34
92	93	1	1	1.0	0.29	0	34
93	94	1	3	1.0	0.77	1	34
94	95	3	1	0.0	0.17	1	34
95	96	2	3	1.0	0.78	1	34
96	97	2	2	1.0	0.43	1	34
97	98	3	3	0.0	0.65	1	34
98	99	3	3	1.0	0.73	0	34
99	100	2	1	1.0	0.3	0	34
100	101	1	3	1.0	0.9	0	34
101	102	3	1	0.0	0.26	1	34
102	103	1	2	1.0	0.48	0	34
103	104	2	1	0.0	0.08	0	34
104	105	3	3	1.0	0.9	1	34
105	106	2	2	1.0	0.6	1	34
106	107	2	2	0.0	0.35	0	34
107	108	3	2	0.0	0.6	1	34
0	1	1	2	1.0	0.53	0	35
1	2	2	1	0.0	0.13	0	35
2	3	2	3	1.0	0.91	1	35
3	4	3	1	0.0	0.15	1	35
4	5	1	2	1.0	0.61	0	35
5	6	3	1	0.0	0.31	1	35
6	7	3	3	1.0	0.79	1	35
7	8	1	1	1.0	0.1	0	35
8	9	3	2	1.0	0.58	1	35
9	10	3	2	0.0	0.36	1	35
10	11	1	3	1.0	0.82	0	35
11	12	3	1	0.0	0.22	1	35
12	13	3	3	1.0	0.87	0	35
13	14	1	2	1.0	0.45	0	35
14	15	2	3	1.0	0.7	0	35
15	16	1	1	1.0	0.27	0	35
16	17	2	2	1.0	0.4	0	35
17	18	1	1	1.0	0.18	0	35
18	19	1	3	1.0	0.74	0	35
19	20	3	2	0.0	0.52	1	35
20	21	1	1	1.0	0.34	0	35
21	22	3	3	1.0	0.7	1	35
22	23	2	2	1.0	0.65	0	35
23	24	2	2	1.0	0.49	1	35
24	25	2	2	1.0	0.57	0	35
25	26	2	1	0.0	0.22	1	35
26	27	1	2	1.0	0.4	1	35
27	28	2	1	0.0	0.27	1	35
29	30	3	1	0.0	0.09	1	35
30	31	3	2	0.0	0.44	1	35
31	32	3	3	1.0	0.95	1	35
32	33	2	3	1.0	0.75	1	35
33	34	2	1	0.0	0.06	1	35
34	35	2	3	1.0	0.83	0	35
35	36	1	3	1.0	0.66	0	35
36	37	3	3	1.0	0.84	1	35
37	38	1	3	1.0	0.93	0	35
38	39	3	1	0.0	0.2	1	35
40	41	1	2	1.0	0.59	0	35
41	42	1	3	1.0	0.85	0	35
42	43	3	3	1.0	0.92	1	35
44	45	1	2	1.0	0.37	0	35
45	46	1	3	1.0	0.8	1	35
47	48	2	1	0.0	0.11	1	35
48	49	3	2	0.0	0.5	1	35
49	50	3	2	0.0	0.63	1	35
50	51	2	3	1.0	0.89	0	35
51	52	1	3	1.0	0.71	0	35
52	53	2	1	0.0	0.19	1	35
53	54	2	2	1.0	0.46	0	35
54	55	3	1	0.0	0.07	0	35
55	56	3	2	1.0	0.55	1	35
56	57	2	3	1.0	0.67	1	35
57	58	2	1	1.0	0.25	0	35
58	59	3	1	0.0	0.28	1	35
59	60	1	1	1.0	0.32	0	35
60	61	3	3	0.0	0.68	1	35
61	62	1	1	1.0	0.07	0	35
62	63	2	2	1.0	0.54	1	35
63	64	2	3	1.0	0.75	1	35
64	65	1	1	1.0	0.23	0	35
65	66	1	2	1.0	0.5	0	35
66	67	3	1	0.0	0.14	1	35
67	68	2	1	1.0	0.32	0	35
68	69	1	2	1.0	0.45	0	35
71	72	1	1	1.0	0.16	0	35
72	73	3	2	1.0	0.39	1	35
73	74	2	1	0.0	0.24	1	35
74	75	2	3	1.0	0.86	0	35
79	80	3	1	0.0	0.33	1	35
81	82	1	3	1.0	0.69	0	35
90	91	1	1	1.0	0.05	0	35
91	92	1	3	1.0	0.85	0	35
95	96	2	3	1.0	0.78	1	35
96	97	2	2	0.0	0.43	1	35
99	100	2	1	0.0	0.3	0	35
101	102	3	1	0.0	0.26	1	35
102	103	1	2	0.0	0.48	0	35
104	105	3	3	1.0	0.9	1	35
105	106	2	2	1.0	0.6	1	35
0	1	1	2	1.0	0.53	0	36
1	2	2	1	0.0	0.13	0	36
2	3	2	3	1.0	0.91	1	36
3	4	3	1	0.0	0.15	1	36
4	5	1	2	1.0	0.61	0	36
5	6	3	1	0.0	0.31	1	36
6	7	3	3	0.0	0.79	1	36
7	8	1	1	0.0	0.1	0	36
8	9	3	2	0.0	0.58	1	36
9	10	3	2	0.0	0.36	1	36
10	11	1	3	1.0	0.82	0	36
11	12	3	1	0.0	0.22	1	36
12	13	3	3	0.0	0.87	0	36
13	14	1	2	1.0	0.45	0	36
14	15	2	3	1.0	0.7	0	36
15	16	1	1	1.0	0.27	0	36
16	17	2	2	0.0	0.4	0	36
17	18	1	1	1.0	0.18	0	36
18	19	1	3	1.0	0.74	0	36
19	20	3	2	0.0	0.52	1	36
20	21	1	1	1.0	0.34	0	36
21	22	3	3	0.0	0.7	1	36
22	23	2	2	1.0	0.65	0	36
23	24	2	2	1.0	0.49	1	36
24	25	2	2	1.0	0.57	0	36
25	26	2	1	0.0	0.22	1	36
26	27	1	2	1.0	0.4	1	36
27	28	2	1	0.0	0.27	1	36
28	29	1	3	1.0	0.88	0	36
29	30	3	1	0.0	0.09	1	36
30	31	3	2	0.0	0.44	1	36
31	32	3	3	0.0	0.95	1	36
32	33	2	3	1.0	0.75	1	36
33	34	2	1	0.0	0.06	1	36
34	35	2	3	0.0	0.83	0	36
35	36	1	3	1.0	0.66	0	36
36	37	3	3	0.0	0.84	1	36
38	39	3	1	0.0	0.2	1	36
39	40	3	2	0.0	0.41	1	36
40	41	1	2	1.0	0.59	0	36
41	42	1	3	1.0	0.85	0	36
42	43	3	3	0.0	0.92	1	36
43	44	2	3	1.0	0.8	0	36
44	45	1	2	1.0	0.37	0	36
45	46	1	3	1.0	0.8	1	36
46	47	2	2	1.0	0.62	0	36
47	48	2	1	0.0	0.11	1	36
48	49	3	2	0.0	0.5	1	36
49	50	3	2	0.0	0.63	1	36
50	51	2	3	1.0	0.89	0	36
51	52	1	3	0.0	0.71	0	36
52	53	2	1	0.0	0.19	1	36
53	54	2	2	1.0	0.46	0	36
54	55	3	1	0.0	0.07	0	36
55	56	3	2	0.0	0.55	1	36
56	57	2	3	1.0	0.67	1	36
57	58	2	1	0.0	0.25	0	36
58	59	3	1	0.0	0.28	1	36
59	60	1	1	1.0	0.32	0	36
60	61	3	3	0.0	0.68	1	36
61	62	1	1	0.0	0.07	0	36
62	63	2	2	1.0	0.54	1	36
63	64	2	3	1.0	0.75	1	36
64	65	1	1	0.0	0.23	0	36
65	66	1	2	1.0	0.5	0	36
66	67	3	1	0.0	0.14	1	36
67	68	2	1	0.0	0.32	0	36
68	69	1	2	1.0	0.45	0	36
69	70	2	2	1.0	0.38	1	36
70	71	3	3	1.0	0.76	1	36
71	72	1	1	0.0	0.16	0	36
72	73	3	2	0.0	0.39	1	36
73	74	2	1	0.0	0.24	1	36
74	75	2	3	1.0	0.86	0	36
75	76	1	2	1.0	0.56	0	36
76	77	3	3	1.0	0.81	1	36
77	78	2	3	1.0	0.94	0	36
78	79	2	2	1.0	0.51	1	36
79	80	3	1	0.0	0.33	1	36
81	82	1	3	1.0	0.69	0	36
82	83	2	3	1.0	0.72	0	36
83	84	1	1	0.0	0.12	0	36
84	85	3	2	0.0	0.55	1	36
85	86	1	1	0.0	0.21	0	36
86	87	3	2	0.0	0.47	1	36
87	88	3	1	0.0	0.12	1	36
88	89	2	1	0.0	0.17	1	36
89	90	1	2	1.0	0.64	0	36
90	91	1	1	0.0	0.05	0	36
91	92	1	3	1.0	0.85	0	36
92	93	1	1	1.0	0.29	0	36
93	94	1	3	1.0	0.77	1	36
95	96	2	3	1.0	0.78	1	36
96	97	2	2	1.0	0.43	1	36
97	98	3	3	0.0	0.65	1	36
98	99	3	3	0.0	0.73	0	36
99	100	2	1	0.0	0.3	0	36
100	101	1	3	1.0	0.9	0	36
101	102	3	1	0.0	0.26	1	36
102	103	1	2	1.0	0.48	0	36
103	104	2	1	0.0	0.08	0	36
104	105	3	3	1.0	0.9	1	36
105	106	2	2	1.0	0.6	1	36
106	107	2	2	0.0	0.35	0	36
107	108	3	2	0.0	0.6	1	36
